1,"在一正方形花池的4周栽了44棵柳树,每两棵柳树之间的间隔是20米,这个正方形的周长是多少米?",880
2,"镇海雅乐学校二年级的小朋友到一条小路的一边植树.小朋友们每隔2米种一棵树(马路两头都种了树),最后发现一共种了11棵,这条小路长多少米.",20
3,"工人叔叔在公路的一侧从头到尾每隔80米立一根电线杆,刚好立了9根.你知道这段公路长多少米?",640
4,"大庆路上每隔40米就有一盏路灯,吴婷从某一盏路灯开始沿大庆路出发,她走了360米以后停在一盏路灯下,她停在第多少盏路灯下.",10
5,"马路的一边原来每隔14米装一支木电杆,共装了56支,现在换成水泥电杆,每隔35米装一根即可,只装多少根就行.",23
6,"有58辆彩车排成一列,每辆彩车长4米,彩车之间相隔5米,这列彩车队共长多少米?",517
7,"学校举行动手能力大赛,其中有一项给绳子打结的比赛,在一条长20米的绳子上,每隔2米打一个结,两端不打结,一共应打多少个结.",9
8,"一条马路长120米,从一头开始种树苗,每隔8米栽一棵,一共栽多少棵树?",16
9,"在一个周长是42米的圆形花园周围,每隔2米放一盆花,一共可放多少盆花?",21
10,"运动会上4年(2)班48名运动员出场时,排成4列纵队,前后相邻两人间隔为1米,每列队伍长多少米.",11
11,"同学们沿笔直的操场一侧插彩旗,每隔4米插一面,一共插了26面,从第1面彩旗到最后一面的距离有多少米.",100
12,"在圆形操场的4周每隔3米插上彩旗,共插上80面,这个圆形操场的周长=多少米.",240
13,"在一段公路上,从起点到终点每隔5千米设一块指示牌.这段路上共有6块指示牌.这段路总长多少千米?",25
14,"有一些同学站成一行,间隔2米.王强前面有4人,后面有5人,这条队伍长多少.",18
15,"两座楼房之间相隔60米,每隔3米栽一棵玉兰花(栽一排,两端都不栽),共栽了多少棵.",19
16,"一个圆形水池周围每隔2米栽一棵杨树,共栽了40棵,水池的周长=多少米.",80
17,"篮球场长28米,宽16米,每隔2米摆一盆花(4个角都要摆).一共要摆多少盆花?",44
18,"在20米的校园小道一边种柳树,每隔4米种一棵,两端都种,一共要种几棵树?",6
19,"同学们到河的一边种树,河岸长64米,每隔4米种一棵树,两端都不种,共需要多少棵树?",15
20,"40位小朋友站成人数相等的两列做操,每相邻两位小朋友相隔2米,做操的队伍长多少米.",38
21,"在一个环形跑道上每隔4米插上一面红旗,共插了100面,这个跑道的一周有多少米?",400
22,"一个圆形池塘,它的周长是600米,每隔5米栽种一棵柳树,需要树苗多少株?",120
23,"一辆电车从起点到终点一共要行36千米,如果每隔3千米停靠站一次,那么从起点到终点,一共要停靠多少次.",12
24,"在一条公路的一侧插红旗.每隔5米插一面,且两端都不插,一共需要红旗100面,这条路全长多少米?",505
25,"一次检阅,接受检阅的一列彩车车队共30辆,每辆车长4米,前后两辆车相隔5米.如果车队每秒行驶2米,那么这列车队要通过535米长的检阅场地,需要多少时间?",400
26,"一条马路的一边从头到尾共种了10棵树,每两棵树之间相隔8米,这条马路长多少米?",72
27,"在400米的环形跑道4周每隔5米插一面彩旗,需要多少面彩旗?",80
28,"节日里,要在240米长的城楼上插上彩旗,每隔5米插一面(两端都要插),一共要插多少面?",49
29,"沿着一个周长是800米的鱼塘的一周,每隔20米栽一棵柳树,一共栽多少棵柳树.",40
30,"10位小朋友站成一列做操,每相邻两位小朋友相隔2米,做操的队伍长多少米.",18
31,"在一条长120米的隧道一侧,从头到尾共安装了16盏节能灯(两头都安装),平均每隔多少米安装一盏灯?",8
32,"在路的一侧从头至尾栽树,每隔9米栽一棵,共栽了100棵,这条路有多长?",891
33,"在环形湖路上每隔10米放置1个垃圾桶,共放了30个.环湖长多少米?",300
34,"在40米长的人行道一侧栽树,每隔5米栽一棵,两头都栽,一共可以栽多少棵树?",9
35,"在相距200米的两个凉亭之间栽树,每隔25米栽一棵,能栽几棵树?",7
36,"4(1)班学生在全长100米的跑道上每隔10米摆一盆花(两端要摆),一共需要多少盆花.",11
37,"元旦即将来临,学校准备在教学大楼的顶部前沿从头到尾每隔5米插上一面彩旗,测得大楼的顶部前沿长50米.学校需要买多少面彩旗?",11
38,"一条路上每隔10米有一根电线杆,连两端一共有24根,这条路有多少米长.",230
39,"甲每小时行11千米,乙每小时行13千米,甲从南庄向南行,同时乙从北庄向北行.经过3小时后,两人相隔80千米.南北两庄相距多少千米?",8
40,"一个圆形水池周长为180米,若沿着水池周围种上柳树,每隔6米栽一棵,一共栽几棵?",30
41,"学校有一条长60米的小道,计划在道路一侧种树.每隔3米栽一棵,如果两端都各栽一棵树,那么共需栽多少棵树苗.",21
42,"校门口两侧种树苗,原打算两侧都种7棵,每隔4米种一棵,实际两侧都种了9棵,每两棵树间的距离=?",3
43,"园林工人沿公路一侧植树,每隔6米种一棵,一共种100棵,从第l棵到最后一棵的距离=多少米.",594
44,"在一根绳子上每隔2米挂一个灯笼起点和终点都不挂,一共挂了12个灯笼,这根绳子长多少米?",26
45,"运动会长跑比赛,8人站在14米长的白线上,如果每两人之间的距离相等,请问两人之间的间隔=多少米?",2
46,"6个同学排成一排做操,每两个同学之间相隔2米,队伍一共长多少米.",10
47,"有一条长1600米的公路,在公路一侧从头到尾每隔20米安装一盏路灯,一共要准备多少盏路灯?",81
48,"池塘的4周栽了一圈树,每两棵树相隔4米,甲、乙两人同时从同一棵树出发,反向而行,相遇时甲走了46米,乙走了54米,则这圈树共有多少棵.",25
49,"在一条公路一边从头至尾每隔6米架设一根电线杆,共用51根.这条公路全长多少米?",300
50,"在一次检阅中,接受检阅的一列彩车车队共30辆,每辆车长4米,前后每辆车相隔5米.这列车队共排列多长?",265
51,"在一个圆形水池的4周种树,每隔3米种一棵,一共种了20棵,这个水池的周长=多少米.",60
52,"在学校门口一条长180米的林荫路的一侧栽一行树,起点和终点都栽.如果每两棵树之间相隔3米,至少需要多少棵树苗?",61
53,"在学校林荫道一侧插彩旗,每隔5米插一面,从一端到另一端一共插了8面,这条林荫道长多少米?",35
54,"一个圆形池塘,它的周长是150米,每隔3米栽种一棵树.共需树苗多少株.",50
55,"华华过生日,买了一个周长为48厘米的圆形蛋糕,在它的4周每隔4厘米插上一根小蜡烛.共插了多少根蜡烛.",12
56,"在马路一侧,从头到尾每隔7米种一棵树,一共种了20棵树,这条马路有多长?",133
57,"崂山举行登山大赛,组委会在长达845米的山路中,每隔65米设置一个服务站(起点和终点不设).共设多少个服务站?",12
58,"一条路长3000米,在它的一边栽树(两头都栽),每隔50米栽一棵,共栽多少棵?",61
59,"在45米长的跑道上,每隔5米插一面红旗,从头到尾共插了多少面红旗.",10
60,"公交车站起点站每隔5分钟开出一辆汽车,当开出第9辆车时,一共经过了多少分钟.",40
61,"从运动场一端到另一端全长96米,从一端到另一端每隔4米插一面小红旗,一共要插多少面小红旗.",25
62,"校运会期间,在周长400米的环形跑道上,每隔8米插一面红旗,然后在相邻两面红旗之间每隔2米插一面黄旗,则共插黄旗多少面.",150
63,"在一条路的一边每隔40米有一棵树,首尾都栽共有121棵树.在同样长的公路上准备栽51棵树,每相邻两棵树的距离=?",96
64,"公园里有一条长120米的石子路,计划在路的一边每隔6米栽一棵树(两端都要栽),共需多少棵树.",21
65,"在一条长48米的马路一旁每隔6米栽一棵杨树,两头都栽,可以栽多少棵.",9
66,"9个小朋友站成一圈做游戏,每两人之间相隔2米,你知道这一圈共多少米?",18
67,"在一段公路的一边种树,先在起点种一棵,以后每隔3米种一棵,一共种了234棵.这段公路长多少米?",699
68,"两棵大树相距20米,要在这两棵大树之间每隔2米栽一棵月季花,一共要载多少棵月季花.",9
69,"一条长100米的道路一旁每隔4米插一面小旗,一共要插多少面小旗.",26
70,"城关小学在一条大路的一边从头至尾栽树28棵,每隔6米栽一棵,这条路长多少米.",162
71,重阳节市体委组织登山比赛.在长达845米的山路中.每隔65米设一个服务站(起点和终点不设).共设多少个服务站?,12
72,"两座楼之间相距48米,每隔6米栽一棵雪松,两座楼房之间一共能栽多少棵?",7
73,"一个正方形鱼池,在它的周围每隔6米插一根柱子,一共插了10根,这个鱼池的周长=多少米.",60
74,"人民路两旁从头到尾各安装了51盏灯,每相邻两盏间隔10米,这条路全长多少米.",500
75,"一个圆形跑道长300米,沿道路每隔6米栽一棵树,跑道周围共栽了多少棵树.",50
76,"一条公路长1800米,从起点到终点,每隔30米安装一根电线杆,共需要安装电线杆多少根?",61
77,"在一条公路的两侧种树,每隔10米种一棵,公路一侧一共种了25棵树(头尾都种).这条公路长多少米?",240
78,"一条路长200米,在路的一旁从头至尾每隔5米植一棵树,一共要植多少棵?",41
79,"胜利街的一边有20盏路灯(两头不装),每两盏灯之间相隔10米.胜利街全长=多少米?",210
80,"在道路的一侧植树,每隔5米植一棵,从起点到终点共植10棵,这条路有多少米.",45
81,"小新过生日,买了一个正方形蛋糕,周长是48厘米,在蛋糕的边上每隔4厘米插一根蜡烛,共需多少根蜡烛.",12
82,"一个圆形花圃周长36米,每隔3米放一盆花,一共放了多少盆花?",12
83,"在相距100米的两楼之间栽上桂花树,每隔5米栽一棵,一共要栽多少棵.",19
84,"节日里,要在120米长的城楼上插彩旗,每隔5米插一面.两头都要插,一共要插多少面.",25
85,"同学们在全长120米的小路一边植树,每隔4米栽一棵(两端都要栽).一共要多少棵树?",31
86,"小明家门口到公路边有一条长60米,小明要在小路一旁每隔3米栽一棵树,计划家门口不栽,一共要栽多少棵树?",20
87,"为庆祝7•一,4(一)班同学准备把教室装扮一下.他们要在教室的两边每隔1米挂一个灯笼(两端也要挂),班长量出教室长8米.他们共需买几个灯笼?",9
88,"一个圆形养鱼池的周长是500米,在4周每隔5米栽一棵柳树,共需栽柳树多少棵.",100
89,"在一块直径为40米的圆形操场周围栽树,每隔6.28米栽一棵,一共可栽多少棵?",20
90,"在一个周长900米的湖边栽树,每隔9米载一棵,可栽树多少棵?",100
91,"一个游泳池的周长为300米,沿池边每隔10米放一把椅子,一共可以放多少把椅子.",30
92,"在学校的前面有一条公路,在一旁每隔2米植一棵树,从起点到终点一共植了22棵树,这条公路长多少米?",42
93,"某公园准备在路的一边每隔8米,栽一颗银杏树,栽了29棵,你知道这条路有多少米.",224
94,"从学校校门到教学楼的校道长42米,计划在两旁从起点每隔2米摆一盆花,一共要准备多少盆花.",44
95,"一条大堤长1200米,从头到尾每隔4米栽一棵垂柳,可栽多少棵垂柳?",301
96,"小巧用8颗围棋子放在桌子上排成一行,每两颗围棋子之间都相隔5厘米,从第一颗围棋子到最后一颗之间一共相隔多少厘米.",35
97,"步行街上张灯结彩,从这一头到那一头每隔4米挂着一个红灯笼.步行街全长有600米,一共挂了多少个灯笼?",151
98,"同学们在长100米的小路一边植树,每隔5米栽一棵(两端都要栽),一共需要多少棵树苗.",21
99,"在一条长40米的马路的一边,从头到尾每隔5米种一棵树,一共可以种多少棵树.",9
100,"一条路长100米,在这条路的一旁从头到尾每隔5米插一面彩旗,一共要插多少面彩旗?",21
101,"在一条马路的一侧每隔4米栽一棵树,一共用了86棵树苗,那么这条公路共有多少米.",340
102,"某校的两幢教学楼相距144米,在它们之间每隔12米种一棵松树.共可栽松树多少棵?",11
103,"在一段公路的一旁共种95棵树,两头都种,每两棵树之间相隔5米,这段公路长多少米.",470
104,"有一个圆形花坛,一周120米,每隔6米种一棵紫丁香,每两棵紫丁香中间种一棵月季花,紫丁香和月季花各有多少棵?",20
105,"教室的走廊长18米,如果沿一侧每隔3米放一盆花(两端也要放),需要多少盆花?",7
106,"沿着一个圆广场的一周,每隔10米安装一盏路灯,一共需要32盏,这个圆形广场的周长=多少米?",320
107,"前段时间,南方发生雪灾,高速公路被堵,车辆堵塞.5辆8米长的卡车和10辆2.5米长的轿车排成了一字形,它们每两辆车之间相隔12米,这队车队有多长?",233
108,"李叔叔在一块正方形菜地的4周围篱笆,每隔3米打一根木桩,一共打了20根木桩,这个正方形的边长=多少米?",15
109,"10只兔子排队做操,每两只兔子隔2米,兔子队伍多少米?",18
110,"学校北墙前要栽月季花,全长300米,每隔5米种一株,两头不能种花.共能栽多少株月季花?",59
111,"有一条长800米的公路,在公路的一侧从头到尾每隔20米栽一棵杨树,需多少棵杨树苗.",41
112,"一个周长100米的圆形池塘,每隔5米载一棵柳树,需要多少棵柳树苗才能载完.",20
113,"有一条公路长900米,在公路的一侧从头到尾每隔10米栽一根电线杆,可栽多少根电线杆?",91
114,"在一条长80米的小路一侧,从头到尾每隔8米栽一棵树,一共可以栽多少棵树.",11
115,"学校在一条44米长的走廊里,每隔4米放一盆花,如果两端都放花,要放多少盆花?",12
116,"圆形溜冰场的一周全长200米.如果沿着这一圈每隔10米安装一盏灯,一共需要安装多少盏灯.",20
117,"同学们站成一队做操,从第一个到最后一个学生是36米,每两个学生都间隔2米,一共有多少名学生?",19
118,"16名同学排成一队做操,每两人之间相隔2米.第一名同学与最后一名同学之间相距多少米?",30
119,"在一个长125米环形的花园4周种树,每隔5米种一棵,一共要多少棵树.",25
120,"有30分米长的木棍,现要在木棍上划线.先每隔2分米划一条线,再每隔3分米划一条线,最后按划线处锯开木棍,共能锯成多少段?",20
121,"一个圆形水池,直径400米,沿池边隔4米栽一棵树,一共能栽多少棵树.",314
122,"两座楼房之间相距40米,每隔4米栽一棵雪松,一直行共能栽多少棵?(树不能直接贴着楼房栽)",9
123,"一个圆形的花圃,绕一圈是180米.如果沿着花圃周围每隔6米种一棵柳树,每两棵柳树之间种一棵杨树,可种多少棵杨树.",30
124,"圆形的操场的一周全长是1800米.如果沿着这一圈每隔12米安装一盏灯,一共需要装几盏灯?",150
125,"在两幢楼中间每隔3米种1棵树,共种了20棵,这两幢楼之间距离=?",63
126,"一段公路上,每隔40米有一根水泥电线杆,共有121根,后来改用水泥电线杆51根,这时两根水泥电线杆的距离=多少米.",96
127,"一个长方形的池塘长100米,宽40米,在池边每隔2米种一棵树,一共需要种多少棵树.",140
128,"在一条长60米的公路上,每隔6米种一棵杨树(两端都种).如果只种一侧,需要多少棵树苗.",11
129,"春节期间,学校在校内中心路一边两端的路灯间,每隔5米挂一个灯笼,一共挂了25个.学校中心路长多少米?",130
130,"学校有一个圆形花圃周长36米,如果每隔3米放一盆,一共需要放多少盆花.",12
131,"同学们在长200米的小路一边植树,每隔4米载一棵(两端都要栽),一共需要多少棵树苗.",51
132,"圆湖周长1080米,在湖边每隔12米种植柳树一株,再在两株柳树之间等距离种植3棵桃树,这样可种柳树和桃树共多少棵?",360
133,"公路的一旁每隔40米有木电杆一根(两端都有),共121根,现改为水泥电杆51根(包括两端),那么两根相邻水泥电杆之间的距离=.",96
134,"6一儿童节,学校准备在长50米的教学大楼的顶部前沿从头到尾每隔5米插上一面彩旗,需要买多少面彩旗.",11
135,"园林工人在公路的一边每隔6米种一棵树,一共种了201棵.从第一棵到最后一棵的距离=多少米.",1200
136,"同学们到河边种树,河岸长56米,每隔4米种一棵树,两端都要种,共需要多少棵树?",15
137,"甲每小时行9千米,乙每小时行7千米,甲从南庄向南行,同时乙从北庄向北行.经过3小时后,两人相隔60千米.南北两庄相距多少千米?",12
138,"有一段长80米的街道一旁安装路灯,街道的两端都要安装,中间每隔8米安装一盏,这段街道一旁要安装多少盏路灯.",11
139,"20位小朋友站成一排做操,每相邻的两个小朋友相隔2米,做操的队伍长多少米?",38
140,"某地的水库4周有长为8080米的防水堤,堤上每隔8米栽一棵树,然后在相邻的两棵树之间栽一棵柳树,应该准备两种树各多少棵?",1010
141,"在每年创建绿色社区的进程中,都会举行一个大型的花车巡游活动.一列彩车由25辆车组成,每辆车长8米,前后两车相隔10米,这列彩车车队共长多少米?",440
142,"林荫道的一侧两端共栽了8棵树,相邻两棵树间隔5米,林荫道长多少米.",35
143,"某校要在100米长的校道旁种21棵棕树(两端必须种一棵),每两棵棕树的间隔应=多少米.",5
144,"一个圆形花坛的周长是30米,在它的边上每隔3米摆一盆花,一共需要多少盆花.",10
145,"同学们沿小路一侧植树(两端都种),每隔8米种一棵,一共种了40棵.这条小路有多少米?",312
146,"同学们要在长150米的路的一边种一排树,如果每隔5米种一棵树,那么一共要种多少棵树?",31
147,"在36米长的公路两旁栽树,每隔2米栽一棵,共需多少棵树.",38
148,"一条路的一边从头到尾共种了36棵树,每两棵树间隔5.6米,这条路长约多少米?(得数保留整数)",196
149,"小明看到河堤上有一排柳树,每隔4米一棵,他从身边的一棵走到第20棵树下,他共走了多少米.",76
150,"沿一个长方形操场4周种树,每隔4米种一棵,一共种了30棵.这个操场的周长=多少米.",120
151,"如果相邻两个同学相隔2米排成长18米一排的队伍做操,那么一共有多少个同学.",10
152,"一个圆形花坛,周长60米,每隔4米摆一盆花,那么摆满这个花坛一共要多少盆花.",15
153,"给一个直径8米的圆形喷水池围上栏杆,栏杆每隔1.57米做1个立柱.这个喷水池需要几个立柱?",16
154,"在小路的一旁从头到尾种了31棵树,每隔2米种一棵,这条小路全长=多少米.",60
155,"为了美化城市环境,园林部门在一条小路的一边从头到尾共种了25棵银杏树,每相邻两棵银杏树间隔8.5米,这条路长多少米?",204
156,"在一条长1000米的小河一边绿化植树(两端都种),每隔20米种一棵柳树,一共需要多少棵柳树.",51
157,"园林工人沿公路一侧栽树,每隔4米栽一棵,一共栽了16棵.从第一棵到最后一棵的距离=多少米.",60
158,"圆形滑冰场的一周全长为300米,如果每隔15米安装一盏路灯,一共需要按几盏?",20
159,"学校运动场的跑道一侧长400米,从头到尾每隔10米栽一棵树,一共栽了多少棵树.",41
160,"一个圆形的花园周长是150米,沿花园的外圈每隔10米栽一棵树.一共可以栽多少棵.",15
161,"一个圆形花坛的直径是10米,在花坛的周围摆上花盆,每隔1.57米放一盆,一共可以放多少盆?",20
162,"在一条路的一侧从头到尾种树,每隔15米种一棵树,共种41棵,这条路长多少米?",600
163,"在一个圆形花坛边上每隔2米摆一盆月季花,一共摆了35盆.这个花坛的周长=多少米.",70
164,"绿化组原计划在马路的一侧每隔9米种一棵树,连两头在内共能种81棵树.今改变计划,结果用等距离种树121棵.求现在两树之间的棵距.",6
165,"在一段100米的街道两旁安装路灯,每隔10米安装一盏(街道的两头都要安装),这段街道一共要安装多少盏路灯?",22
166,"一条道旁,从头到尾每隔5米种一棵树,共种101棵,这条小道有多长?",500
167,"在路的一侧插彩旗,每隔5米插一面,从起点到终点共插了10面.这条道路有多长?",45
168,"一条走廊长48米,每隔3米放一盆花,走廊的两端不放,一共要放多少盆花?",15
169,"校门口有一条路长50米,路的两边从头到尾都种上树,每隔2米种一棵,一共要种多少棵?",52
170,"公园里有个圆形花坛,周长180米.在花坛的4周,每隔4米种1棵冬青树,一共可以种多少棵.",45
171,"学校有一条60米的长廊,计划每隔3米放一盆花,如果两端不放,能放几盆花?",19
172,"圆湖周长108米,在湖边每隔12米种植一棵柳树,再在两棵柳树之问等距离地种3棵桃树,这样可种柳树和桃树共多少棵.",36
173,"在一条公路的一边,每隔4米栽一棵树,一共栽了200棵树,这条路全长有多少米?",796
174,"在一个周长是480米的操场周围植树,每隔5米栽一棵,一共要栽多少棵树?",96
175,"三角形鱼塘的3条边分别长40米、60米、70米,如果每隔10米栽一棵树,共栽树多少棵.",17
176,"一条走廊长24米,每隔3米放一盆花,走廊两端都要放.一共要放多少盆花?",9
177,"在笔直的跑道一边插着46面彩旗,间隔为2米.现在要改为插31面彩旗,两端彩旗位置不变,这时间隔=多少米?",3
178,"在一条长500米的公路一侧架设电线杆,每隔50米架设一根,若公路两端都不架设,共需电线杆多少根.",9
179,"在一段长650米的马路上铺设路灯,每隔50米铺设一盏,一共需要多少盏路灯?",14
180,"在公路的一侧,每隔2米插一面彩旗(两端都插),共插了50面,这条公路长多少米.",98
181,在校门口一条120米长的小路一旁每隔3米插一面彩旗(两端要插).一共要插多少面彩旗.,41
182,"一条路长180米,在它的一边从头到尾都种上梧桐树,每隔3米种一棵,一共要种多少棵?",61
183,从学校到少年宫的这段公路上，一共有37根电线杆，原来每两根电线杆之间相距50米，现在要改成每两根之间相距60米，除两端两根不需要移动外，中途还有多少根不比移动？,5
184,有一块长方形的地，它的面积是10公顷，长是400米，从这块地的一个角起，每隔5米植一棵白杨，在它的周围共植白杨多少棵？,260
185,在学校的走廊两侧，每隔4米放一盆菊花，从起点到终点一共放了18盆.这条走廊长多少米？,32
186,为了改善某居民小区的环境，需要在连接前后两栋楼间的道路两旁等距离地栽树.相邻两棵树之间的距离是3米，一共栽了32棵树，则这条道路有多长？,45
187,一座大桥的两边共有64根电线杆，每两根电线杆之间有一个广告牌，一共有多少个广告牌？,62
188,从一条林荫道的一端到另一端共栽了28棵树，每相邻的两棵树之间相隔4米，这条林荫道长多少米？,108
189,同学们沿笔直的操场一侧插彩旗，每隔4米插一面，一共插了26面，从第1面彩旗到最后一面的距离有多少米.,100
190,从一站到2站全长3600米，在1站和2站之间按电线每相邻2根电杆的距离是120米问一共要多少根电杆？,31
191,在学校门前小路的两边，每隔5米放一盆菊花(两端都放)，从起点到终点一共放了20盆.这条小路长多少米？,45
192,林荫道的一侧两端共栽了11棵树，相邻两棵树间隔均为5米，林荫道长多少米.,50
193,在一条跑道两边插彩旗，每隔5米插一面，共插了20面，这条跑道长多少米.,45
194,一块正方形地，沿四周每隔8米种一棵树，一共种了100棵，已知这块地里种的玉米共收28吨，这块地平均每公顷收玉米多少吨？,7
195,供电局要将121根木电线杆换成水泥电线杆(都含两端)，原来每两根木电线杆相距40米，现在每两根水泥电线杆相距80米，需要水泥电线杆多少根？,61
196,在一架长150米的桥的两侧安装路灯，每隔10米装1盏，两端都装，一共需要多少盏灯？,32
197,在一条长96米的道路的一旁摆花，每两盆花之间相距2米，共摆多少盆花？,49
198,一条路长150米，在路的一侧从头到尾每隔10米栽一棵树，一共要栽多少棵.,16
199,在一个周长为120米的圆形鱼池边上每隔6米栽一棵柳树，一共可以栽多少棵柳树.,20
200,27人排成3队，两人之间距离是2米，每条队伍长多少米？,16
201,两幢楼中间有一条长21米的小路，在小路的一边每隔3米载一棵树，要载多少棵树.,6
202,两栋楼前后相隔24m，中间有一条水泥路，现在要在这条路的两边种树，每隔3m种一棵(两端都不平行)，一共要种多少棵树？,14
203,小区建了一个圆形绿化带，周围每隔4.71米种一棵树，共种了24棵，则这个绿化带的面积是多少？,1017.36
204,为了美化环境，同学们沿长30米的走廊每隔3米放一盆花(两端都要放)，需要多少盆花？,11
205,半径为4米的圆形花坛边上每隔一定距离摆一盆花，一共摆了40盆花，每相邻两盆花之间的距离为多少米,0.628
206,教学楼的走廊长10米，在走廊一侧放6盆花，至少有两盆花之间的距离小于2米.两盆花之间的距离应为多少米？,1(2/3)
207,相邻两根电线杆之间的距离是45米，从少年宫起到育英小学门口有36根电线杆，再往前585米是书店，求从少年宫到书店一共有多少根电线杆.,49
208,园林工人在长120米的公路两侧每隔6米栽一棵树(首尾都栽)，现在改成每隔4米栽一棵树，那么不用移栽的树有多少棵？,22
209,在一条长200米的公路两旁植树，每隔4米种一棵，一共需植多少棵树.,102
210,一条马路长450米，每隔50米安一盏街灯，共需要安多少盏街灯.,10
211,一个圆形花坛的周长是300米，在它的边上每隔15米安装一盏灯，一共需要装多少盏灯.,20
212,在一条长50米的圆形跑道两旁，从头到尾每隔5米插一面彩旗，一共插多少面彩旗.,20
213,在某城市的一条路旁摆放一排花，每两盆花之间相距4米，共摆放55盆花，现在要改成每3米放一盆花，请问有几盆花不用搬动？,19
214,在400米的环形跑道四周每隔5米插一面彩旗，需要多少面彩旗？,80
215,在路的两侧植树(两端都植)，每隔5米植1棵，从起点到终点一共植树22棵，这条路长多少米.,50
216,在90米的道路一边植树(两端都植)，每隔3米植一棵，一共可以植多少棵树.,31
217,校门口一条长180米的林荫路两侧各栽了一行杨树，起点和终点都栽.共栽了20棵，如果相邻两棵树之间的距离相等，你知道相邻两棵树之间的距离吗？,20
218,在一条长300米的公路两边栽树(两端要栽)，每隔4米栽一棵，这样一共要栽多少棵树？,152
219,16名同学排成一队做操，每两人之间相隔2米.第一名同学与最后一名同学之间相距多少米？,30
220,王村北头和南头有条90米长的小路，在这条小路的两边要种江南槐，两树间隔3米.你算算，该种多少株江南槐？(两头都要种),62
221,一条街道长64米，在街道两侧挂上灯笼，每隔8米挂一盏，街道两头都要挂上，一共要挂上多少盏灯笼？,18
222,在一条路的两旁从头到尾每隔10米装一盏路灯，已知一共装了120盏路灯，这条路有多少米.,590
223,向灾区捐赠物品，25两汽车排成一路纵队，每辆车长6米，每两辆之间相距10米，请问这列车队共长多少米？,390
224,园林工人沿公路一侧植树，每隔6米种一棵，一共种100棵，从第l棵到最后一棵的距离是多少米.,594
225,在一条绿荫大道的一侧从头到尾坚电线杆，共用电线杆86根，这条绿荫大道全长1700米线杆相隔多少米？,20
226,有一个人工湖的周长为630米，工人要在湖的周围每隔3米种一棵树，那么需要多少棵小树苗？多少,210
227,在两幢楼之间摆放盆花，每隔6m摆放1盆，摆了9盆，这两幢楼之间的距离是多少.,60
228,在长120米的马路一边植树，每隔8米种一棵，一共可以种几棵？,16
229,某线路原有杉木电线杆71根，杆与杆之间的间隔为25米，今把原线路的杉木杆全部都换成51根水泥杆，此时杆与杆之间的距离为多少米.,35
230,一个钟面上每两个数之间相隔约5厘米，这个钟面一圈长约多少厘米？,60
231,园林工人在公路的一边每隔6米种一棵树，一共种了201棵.从第一棵到最后一棵的距离是多少米.,1200
232,在一条8米长的小路上植树(两端都植)，每隔2米植树1棵，一共可以植树多少棵.,5
233,公园的过道两边要摆上盆花，如果每一边都放342盆，两边一共放多少盆？,684
234,湖边种着一排柳树，每两棵树之间相距6米，小明从第1棵树跑到第10棵树，一共跑了多少米.,54
235,学校运动场的跑道一侧长400米，从头到尾每隔10米栽一棵树，一共栽了多少棵树.,41
236,马路的一边原来每隔14米装一支木电杆，共装了56支，现在换成水泥电杆，每隔35米装一根即可，只装多少根就行.,23
237,课间同学们在操场上围成一个圆做游戏，老师站在中心点，同学们围成圆的周长是18.84米.每个同学和老师之间的距离是多少米？,3
238,一个圆圈的周长是400米，在这个圆圈上每隔20米插一面红旗，一共需要多少面红旗.,20
239,在一条长2000米的公路上每隔8米种一棵树，从头到尾两侧需要种多少棵树.,502
240,在100米长的跑道两端已经插了两面大红旗，老师要求每间隔5米再插队上小彩旗，共插小彩旗多少面.,19
241,一个圆形花圃的直径是100米.沿着它的边线大约每隔2米种一棵杜鹃花，一共要种植多少棵.,157
242,国庆节时，人民小学六年级的同学在校门口挂彩灯，每隔1米挂1个彩灯(包括两端)，共挂了9个，这所学校大门有多少米宽.,8
243,在学雷锋的日子里，同学们要在一条长400米的街道两旁种上风景树，每隔8米种一棵(两端要种).一共需要多少棵树苗？,102
244,一条公路由A地经B地到C地，已知AB之间相距600米，BC之间相距780米.现在路边种树，要求相邻两棵树之间的距离相等，并且在B地以及AB、BC的中点上都要种一棵树，那么相邻的两棵树之间的距离最多是多少米？,30
245,一条公路长500米，在路的一旁栽树，起点和终点不用栽，如果一共要栽24棵，则每隔几米栽一棵？,20
246,五1班有48人，平均排成两路纵队参加广播操表演，前后两人之间的间隔是1米.他们班的队伍长多少米.,23
247,在马路的一边开始植树，5米植一棵，100米要植多少棵树.(两头都植),21
248,学校举行动手能力大赛，其中有一项给绳子打结的比赛，在一条长20米的绳子上，每隔2米打一个结，两端不打结，一共应打多少个结.,9
249,小红要给一块长48厘米，宽36厘米的长方形四周绣花.她每隔6厘米绣一朵花，四个角也各绣一朵，那么她一共绣多少朵花？,28
250,在直径是3m的圆形水池边上，每隔6.28dm摆放一盆花，一共能摆放多少盆花.,15
251,一根绳子长180分米，从一端开始每隔3分米作一个记号，每隔4分米也作一个记号，然后把标有记号的地方剪断，这根绳子被剪成了多少段？,90
252,滨海市的世纪大道全长2400m，道路两旁每隔10m种一棵桂花树(两端都要种).在每两颗桂花树之间载一棵银杏树，一共要栽多少棵银杏树？,480
253,在一条长50m的公路两边种树，每隔10m种1棵，两端都种，这条路上共有多少棵树？,12
254,两座楼房之间相距40米，每隔4米栽一棵雪松，一直行共能栽多少棵？(树不能直接贴着楼房栽),9
255,绿化队要在一条600米长的马路两侧每隔10米栽一棵树，两端都要栽.一共要栽多少棵树.,122
256,某校要在100米长的校道旁种21棵棕树(两端必须种一棵)，每两棵棕树的间隔应是多少米.,5
257,校园内的林荫大道一共长180米，在大道的两侧每隔2米放一盆花，两端都要放，一共要放多少盆.,182
258,迎宾大道的一侧摆了一排花盆，(两端都摆了)，每两盆之间的距离是4m，共摆了55盆花，现在要改为每3m放一盆，请问有几盆花不用搬动？,19
259,公园的一侧有18棵柳树，每两棵柳树之间有一个广告牌，一共有多少个广告牌.,17
260,笔直的公路一旁架设了15根电线杆，它们的间隔是100m.现在要改为只架设29根电线杆(两端的电线杆不动)，间隔应改为多少米？,50
261,公路一边共有水杉树52棵，每相邻两棵之间的距离原来都是8米，现在因树显得较密改成12米的间隔.如果起点的树不动，那么不需要移动的树还有多少棵.,17
262,一条河堤长60米，在它的两侧栽上柳树，每隔5米栽一棵(两端都要栽)，一共要栽多少棵柳树？,26
263,A、B两地之间每隔45m竖一根电杆，包括两端的两根电杆在内，共竖有65根电杆，现在要改变为每隔60m竖一根电线杆，那么除了两端的两根电线杆外，A、B两地之间还有多少根电线杆可以不必移动？,14
264,陈庄小学有一个长60米、宽40米的小操场，四个顶点都种有一棵树，长边上每隔10米种一棵，宽边上每隔8米种一棵.操场四周一共种树多少棵？,22
265,一个圆形广场的周围栽了48棵树，相邻两棵树之间的距离是5米，这个广场的周长是多少米？,240
266,一个圆形水池周长为372米，如果每隔4米栽一棵树，一共要栽多少棵树？,93
267,一排彩旗，每两面彩旗间的距离是10米，现在改为15米.如果起点的一面旗位置不变，那么至少间隔多远又有一面彩旗可以不用移动位置？,30
268,一条路AC在B处转弯，AB长630米，BC长560米，在这条路的两侧等距离的安装路灯，A、B、C三处必须装灯，这条路最少安多少盏灯.,36
269,在学校门口一条长180米的林荫路的一侧栽一行树，起点和终点都栽.如果每两棵树之间相隔3米，至少需要多少棵树苗？,61
270,从运动场一端到另一端全长96米，原来每隔4米插一面红旗且两端都插，后来根据需要调整为每隔6米插一面红旗，那么一共有多少面红旗不需要移动？,9
271,同学们在一条长360米的小路两旁种树(两端都栽)，每隔12米种一棵，一共要种多少棵？,62
272,每两棵桃树之间都相隔3米，小青蛙从第一棵桃树跳到第三棵桃树.一共跳了多少米？,6
273,一条路长300米，同学们在树的两边栽树，起点和终点都栽，一共栽了62棵，每两棵树之间相隔多少米？,10
274,两栋居民楼相距65米，环保小分队要在两楼间的小路旁种树，每两棵相隔5米，一共要种多少棵树？,12
275,体操队有36人，平均排成三路纵队参加广播操表演，前后两人之间的间隔是1米.他们的每支队伍长多少米？,11
276,某城市举行马拉松长跑比赛，从市体育馆出发，最后再回到市体育馆.全长42千米.沿途等距离设茶水站7个，求每两个相邻的茶水站之间的距离是多少千米？,3
277,一条公交线路除了起点和终点以外，还有23个车站，平均每两个车站之间的距离是500米.这条公交线路全长有多少米？,12000
278,有一条长1600米的公路，在公路一侧从头到尾每隔20米安装一盏路灯，一共要准备多少盏路灯？,81
279,公路一旁，每隔4米栽一棵树.多多从第1棵跑到第250棵时，总共跑了多少米.,996
280,教学楼和实验楼之间相距180米，绿化队要在两楼之间的小路两旁植树，相邻两棵树之间的距离为5米，一共要栽几棵树？,70
281,正方形边长是50m，从一个角开始，每隔5m放一盆花，要求四个角都有花，一共需要多少盆花.,40
282,每两根电杆之间的距离是45米，一条路上，一共有32根电线杆，那么，这条路一共有多长？,1395
283,公园要在一条长120米的道路的一侧，每隔10米放一张长椅供游客休息，道路的起点和终点都各放一张椅子，公园里要准备多少张椅？,13
284,同学们在120米的公路一旁，每隔5米植一棵树，起点和终点各植一棵树，一共植多少棵.,25
285,一个圆形水池，周长180米，如果沿着周围每隔4米栽一棵杨树，一共需要栽杨树多少棵.,45
286,在一条全长2千米的小路两旁种树，每隔50米种一棵(两端都种)共要种多少棵.,82
287,一块长方形地面，长120米，宽30米，要在它的四周和四角种树，每相邻两棵树之间的距离相等，最少要种多少棵数.,10
288,在一条长100米的大路两旁种树，起点是站台不种，一共种了20棵，相邻的两棵树之间的距离相等.相邻的两棵树之间的距离是多少？,10
289,一个圆形跑道400米，如果每隔10米竖一块警示牌，共需要多少块警示牌.,40
290,在一条长40米的道路两边每隔2米放一盆花(两头都放)，一共需放多少盆花.,42
291,在一条全长为180m的街道两旁安装路灯(两端都不安装).每隔6m安装一盏，一共要安装多少盏路灯？,58
292,公路的一旁每隔40米有木电杆，两端都有，共21根.现改为水泥电杆11根，包括两端，求两根相邻水泥电杆之间的距离.,80
293,有一周长为840米的胡泊，计划沿胡泊周围每隔4米种一棵树.那么，一共能种多少棵？,210
294,有一个正方形的运动场，边长是200米.沿运动场的周围每隔10米栽一棵树.一共需要栽多少颗？,80
295,马路的一边插了50面红旗，如果每两面红旗中间插一面黄旗，一共要插多少面黄旗.,49
296,一电杆厂距公路路口1000米，现在电杆厂有20根电杆，需全部运来放在公路边，并且从路口开始放第一根，以后每隔100米放一根，一辆车一次最多运3根，问这辆车运放完电杆后回到电杆厂最少要走多少千米？,28
297,两棵大树之间相距120米，园林部门计划在两棵大树中间补栽14棵小树，每两棵树的间隔距离相等，树的间隔是多少米？,8
298,为美化校园，学校在操场边从头到尾每隔10米插一面彩旗，一共需要60面，操场长多少米？,590
299,一个长方形地的长边上每隔5米栽1树，宽边上每隔4米栽1棵树，已知这个长方形地的长是35米，宽是24米，求这个长方形地四周共栽多少棵树？,26
300,小区花园是一个长80m，宽60m的长方形.现要在花园四周安装路灯，四个角上都要安装，每相邻两盏灯间隔5m，一共要安装多少盏路灯？,56
301,一个长方形的池塘，长140来，宽64米，在池边每隔2米种1棵树，一共需要种多少棵树？,204
302,一条路长100米，从头到尾每隔10米栽1棵梧桐树，共栽多少棵树？,11
303,一条路长1000米，要在路的两边镶上每块长是8分米的路崖石，一共需要多少块？,2500
304,在一条长240米的公路一侧，每隔8米栽一棵树(两端都栽)，一共栽多少棵.,31
305,学校校门的右边插了8面彩旗，每两面彩旗之间的距离都是2米，从第1面彩旗到第8面彩旗之间共有多少米.,14
306,一条走廊长24米，如果每隔3米放1盆花，最少可以放几盆花？怎样放花？,7
307,在周长为20米的圆形花圃边沿种树，每隔2米种一棵，共种多少棵.,10
308,两幢楼之间每隔1米种一棵树，一共种了8棵树，这两幢楼之间相距多少米？,7
309,教师节校门口大道两旁每隔2米摆1盆花，共摆了62盆花，那么校门口大道有多少米长？,60
310,同学们在一条长120米的道路两旁植树，每隔6米栽一棵(两端要栽)，一共需要多少棵树苗？,42
311,在一个鱼塘周围筑成周长是1200米的土堤，堤上每隔8米栽1棵杨树，然后在相邻两棵树之间栽一棵松树.土堤上栽杨树和松树各多少棵？,150
312,有一块三角形土地，三条边的长度分别为120米、150米、80米，在边界上每隔10米种一棵树，三角形的每个顶点都必须种，一共要种多少棵树？,35
313,在一条50米的小路两侧，每隔2米放一盆花，小路的两端都放，一共需要多少盆花.,52
314,为庆祝六一儿童节，四1班的同学们准备把教室装扮一下.他们在教室的两边每隔1米挂一个灯笼(两端不挂)，班长量出教室长8米，他们一共需要买几个灯笼？,14
315,在一个周长50米的圆形喷水池边沿上安装孔灯，每相隔0.5米安装一盏，一共得安装多少盏孔灯.,100
316,在公路两边每隔50米埋设一根路灯杆，包括这段路两端埋设的路灯杆，共设了10根，这段路长多少米.,200
317,在校园里种了一排树，从起点到终点共有11棵，每两棵树之间都相距5米.校园里这条路长多少米？,50
318,同学们在一条长40米的小路两边植树，每隔5米栽一棵(两端要栽)，一共需要多少棵树苗.,18
319,一条走廊长36米，在走廊的一边每隔3米放一盆花，如果两端都不放，一共放了多少盆花.,11
320,在圆形的游泳池边每隔4米种一棵树，共种了55棵，这个游泳池的周长是多少米？,220
321,学校门口放着一排杜鹃花，一共6盆，每两盆杜鹃花之间放着两盆月季花，一共放了几盆月季花？,10
322,中秋节到了，学校大门上挂了红绿两种颜色的彩灯，从头到尾一共挂了21只，每隔30分米挂1只红灯，相邻的2只红灯之间挂了1只绿灯，问学校的大门有多宽？,300
323,在某公园绿道的两旁装路灯(两端都要装)，这条绿道全长1500m，每隔30m装一盏路灯，一共要装多少盏路灯？,102
324,在一条公路的一边种树(两端都种)，每两棵树之间相隔16米，共种187棵，公路长多少米？,2976
325,园林工人沿公路一侧栽树，每隔4米栽一棵，一共栽了16棵.从第一棵到最后一棵的距离是多少米.,60
326,多多参加冬季长跑比赛.从出发点开始每隔500米设一个服务站.当多多看到第5个服务站时，他跑了多少米？,2000
327,学校有一条60米的长廊，计划每隔3米放一盆花，如果两端不放，能放几盆花？,19
328,刘叔叔要在长280米的马路一侧每隔40米栽一棵树苗，应准备多少棵树苗呢？(两端都要栽),8
329,一个圆形的花园周长是150米，沿花园的外圈每隔10米栽一棵树.一共可以栽多少棵.,15
330,小路的一边从一端种树.每隔4米种一棵，需种37棵树，如果改成每隔6米种一棵，可有多少棵树不动.,13
331,王村要在一条长500米的路的两旁栽树，每隔5米栽一棵(两端都要载)，一共需要多少棵树苗.,202
332,在一条长400米的马路两边安装路灯，每隔10米装一盏，一共要装多少盏.,82
333,一条河堤长320米，沿河的两旁栽树，从一端起到另一端止，每隔5米栽一棵树.两旁共栽多少棵树？,130
334,圆形游泳池的一周全长120米.如果沿着这一圈每隔12米安装一盏灯，一共需要安装多少盏灯.,10
335,有一根180厘米长的绳子，从右端开始每隔3厘米做一个记号，从左端开始，每隔4厘米也做一个记号，然后沿有记号的地方剪断，绳子被剪成一厘米长的有多少段.,15
336,在一条湖泊周围筑了一条大堤，堤上每隔20米种一棵杨树，相邻两棵杨树之间种了3棵柳树，这样共种柳树1200棵，这条大堤长多少米？,8000
337,园林工人在长400米的路两旁栽树.如果两端都载，每隔4米载一棵，一共可以载多少棵.,202
338,湖边有一排柳树，每两棵树之间相距6米，小明从第1棵树跑到第20棵树，共跑多少米.,114
339,一个正方形池塘的边长是12米，要在池塘四周每隔2米栽一棵树，四个顶点各栽一颗，一共要栽多少颗树.,24
340,马路的一侧种树，且两端都种树，长100米，且相邻两棵树之间的距离是5米，那么共有几棵树？,21
341,小红在练习跑步.她在一条跑道上从头到尾跑了3个来回，共跑了600米.这条跑道长多少米？,100
342,马路的一侧有49棵树，两棵树之间的距离是50米.现在在路的两侧每隔40米的距离安装路灯，共需要装路灯多少盏？(两端都有树和路灯),122
343,学校运动会要举行入场式，要求每班24名同学上场，排4路纵队，前后每两人间隔1米，每班队伍长多少米米.,5
344,一段路长80米，计划在路两旁每隔10米种一棵树，请问这段路要种多少棵树？,18
345,每25.55公尺种一棵行道树，路的两端要种树，大同路上共种了125棵行道树，请问大同路有多长？,3168.2
346,育才小学的校园里有一条40米的小路，路的两边每隔5米摆了一盆菊花(两端都有)，一共摆放了多少盆菊花.,18
347,绿化工人要在一条长240米的公路两侧种白玉兰，两端都种，每两棵白玉兰相隔3米.一共要栽多少棵白玉兰？,162
348,在一条80米长的路的一边，从头到尾每隔5米栽一棵樟树.一共可以栽多少棵？,17
349,在600米长的公路两边从头到尾栽202棵树，每两棵树之间距离相等，每两棵树之间相距多少米？,6
350,湖边种着一排柳树，相邻两棵之间相距5米.小明从第1棵树跑到第200棵树，他一共跑了多少米？,995
351,长方形操场的长是96米，宽54米，在操场每条边上以相等的距离插上彩旗，要彩旗之间的距离尽可能长，一共可以插多少面彩旗？,46
352,有30分米长的木棍，现要在木棍上划线.先每隔2分米划一条线，再每隔3分米划一条线，最后按划线处锯开木棍，共能锯成多少段？,20
353,同学们要在学校跑道一旁插67面小旗(两端都插)，每两面小旗间隔6米，学校跑道长多少米.,396
354,由20辆车组成的一个车队，每辆车长5米，相邻两辆车之间的距离为10米.这个车队从头到尾共长多少米.,290
355,在255米道路的两旁，每隔5米种一棵树(两端都种)，一共要种多少棵？,104
356,在一条河堤的一边栽了75棵柳树.每两棵柳树中间栽一棵芙蓉树，栽芙蓉树多少棵？,74
357,一条林阴道的长是20米，在这条道路两旁的这一头到那一头每隔4米放一盆花，一共要放多少盆花.,12
358,一个圆形花坛周围栽了15棵柳树，每两棵柳树之间有一棵杨树，一共有树多少棵.,30
359,王叔叔要给一块一边靠河的边长为34米的正方形菜地围上三面篱笆，篱笆的长要多少米？,102
360,"新华大街全长200m，在街的一侧装点了50个大红灯笼，每两个灯笼之间又挂了一个""中国结""，""中国结""有多少个.",49
361,两棵大树相距20米，要在这两棵大树之间每隔2米栽一棵月季花，一共要载多少棵月季花.,9
362,运动场上，在400米跨栏比赛中，每隔40米放一个栏架，每隔40米放一个栏架，每条跑道可放多少个栏架.,9
363,有10名男同学排成一排，在每两名男同学之间插入一名女同学，女同学一共有几名？,9
364,一块三角地，在三个边上植树，三个边的长度分别为156米、186米、234米，树与树之间的距离均为6米，三个角上都必须栽一棵树，共需植树多少棵,96
365,一个圆形花园的半径是22米，沿着它的边域大约每隔3.14米种一棵菊花，一共种多少棵.,44
366,在一条长120米的隧道一侧，从头到尾共安装了16盏节能灯(两头都安装)，平均每隔多少米安装一盏灯？,8
367,校园里有一段长60米的路，在路的一侧栽松树，每隔4米栽一棵，头尾都种一共可以栽多少棵.,16
368,学校圆形操场的周围共植树50棵，相邻两棵树之间的距离是8米，那么绕操场跑一圈是多少米.,400
369,胜利大街上从头到尾原有路灯201盏，相邻两盏路灯相距50米；现在换新路灯又增加了50盏，相邻两盏路灯的距离是多少米？,40
370,把一根8米长的木料等距离锯10次，平均每段长是多少米.,(8/11)
371,在一条公路一边从头至尾每隔6米架设一根电线杆，共用51根.这条公路全长多少米？,300
372,有10个小朋友排成一路纵队，每两个小朋友之间相距1米，这路纵队全长多少.,9
373,在一块长100米，宽80米的长方形地的周围种树，每隔若干米种一棵，共种了20棵，求每两棵之间的距离.,18
374,一个长12米，宽8米的长方形鱼池，在它四周每隔4米插一柱子，四个角都要插，一共需要多少根柱子？,10
375,一队有12个男生，老师让每两个男生之间排进一个女生，排进的女生一共有多少个？,11
376,11个小朋友手拉手拉成一个圆，平均每两人之间的距离是47厘米，这个圆一周有多长？,517
377,学校举行运动会，参加入场式仪仗队的共有180人，每6人一行，前后两行间隔1米，这个仪仗队长多少米？,29
378,两根栏杆之间，每隔5米放一辆自行车，一共放了19辆，这两根栏杆之间相距多少米？,95
379,一条大路长500米，从大路的一端开始，每隔5米栽一棵树，(两端都栽)一共要栽多少棵树？,101
380,小明在操场四周插彩旗，开始时每隔4米插一面，插了11面后，发现彩旗不够，于是决定重插，改为每隔5米插一面.在重插时，有几面彩旗不需要拔掉再插？,3
381,一个圆形池塘，它的周长是150米，每隔3米栽种一棵树.共需树苗多少株.,50
382,在周长为100米的圆形花坛周围每隔5米放一盆花，一共需要多少盆花.,20
383,在一个边长是40米的正方形草地的四周擦彩旗，每隔5米插1面(正方形的每个顶点插1面)，一共要插多少面彩旗.,32
384,全长2000米的街道两旁安装路灯(两端都装)，每隔50米装一座，一共安装多少座路灯？,82
385,一个四边形的广场，它的四边长分别是60米，72米，96米，84米.现在要在四边上植树，如果四边上每两树的间隔距离都相等，那么至少要种多少棵树？,26
386,12个同学在操场上围成一个圆圈做游戏，每相邻两名同学之间都是2米.这个圆圈的周长是多少米？,24
387,在一条公路上每隔16米架设一根电线杆，不算路的两端共用电线杆54根，这条公路全长多少米.,880
388,同学们到河的一边种树，河岸长64米，每隔4米种一棵树，两端都不种，共需要多少棵树？,15
389,学校舞蹈队10名队员排成一队表演健身操，每相邻两人间隔2米，这支队伍长多少米？,18
390,一排电线杆，原来每根之间的距离是30米，现在改为45米.如果第一根不动，至少在隔多少米又有一根电线杆不动？,90
391,24个男生站成一行，每两个男生之间站一个女生，应该有多少个女生.,23
392,一条公路长600米，路一侧每隔20米放一个垃圾桶，起点和终点是站牌，不用放，一共需要放多少个垃圾桶？,29
393,有一块长方形的地，长是105米，宽是90米，在这块地的四周每隔3米种一棵树，一共要种多少棵树苗.,130
394,一个圆形草坪周长24米，每隔6米摆一盆花，一共需要多少盆花.,4
395,在一座大桥上，一侧有10块宣传牌，每块宣传牌长4米，高3米，两块宣传牌之间相距10米.第一块和最后一块宣传牌离桥端都有50米.这座大桥长多少米？,230
396,有20棵树，每隔4米栽一棵，从第一棵到第20棵共有多少米.,76
397,某体育场内要修建一个圆形游泳池，半径为200米.在游泳池周围每隔8米修一个插旗孔，共修多少个插旗孔？,157
398,一条林阴道长24米，从一端到另一端每隔3米放一盆花，一共可以放多少盆花.,9
399,回报厅宽21m，挂有6幅标语(两端都不挂)；照这样计算，回报厅长30m，要挂多少幅标语(两端都不挂)？,9
400,一条乡间小道长600米，农民伯伯打算在这条小道的两侧(两端要栽)等距离栽种302棵美人蕉.每两棵美人蕉相距多少米？,4
401,学校的体育馆和艺术楼相距80米.少先队员要在两幢楼间的小路两旁栽树，每隔5米植1棵，一共要栽多少棵树？,30
402,做一条5米长的横幅，两端各留出0.3米，横幅内容是：祝同学们春节快乐若每个字是边长0.4米的方块字，这条横幅的字距是多少米.,(6/35)
403,一叠纸共800张，每50张纸之间夹一片塑料片，一共要夹多少片塑料片.,15
404,五一劳动节，市委宣传部在一座桥的一边栏杆上插彩旗，从头到尾一共插8面，每两面彩旗之间都相距8米，这座桥长多少米？,56
405,工人叔叔打算在一条长500米的道路的一侧安装路灯(道路两端都安装)，每相邻两盏路灯之间的距离是25米，这条道路一共要安装多少盏路灯.,21
406,爸爸使用的皮带，每两孔间相隔3厘米，健身减肥前他使用第6个孔，减肥后，他使用第3个孔，他的腰围减少了多少厘米？,9
407,两层楼之间有22个台阶，每个台阶的高度是15厘米，从一楼到四楼升高了多少厘米,990
408,在一条长为120米的路的两边栽柳树，每隔5米栽1棵，如果两端都栽，一共要栽多少棵柳树？,50
409,小敏把14块大小相同的积木排成一排，长124厘米，每两块积木间隔都是2厘米，每块积木长多少厘米？,7
410,小丁丁准备把10张照片在墙上钉成一排.每一张照片的两边都要用钉子钉住，同一个钉子可以钉住相邻的两张照片.钉完这些照片，一共需要多少个钉子.,11
411,有18名女同学，每2名女同学之间插入2名男同学，需多少男同学？,34
412,在一正方形花池的四周栽了44棵柳树，每两棵柳树之间的间隔是20米，这个正方形的周长是多少米？,880
413,750米长的直线河岸，每隔5米种一棵树，能种多少棵树？,151
414,从公园通往湖心的小岛有一条900米的小路.在小路的两侧从头到尾每隔15米栽一棵桃树，需要多少棵桃树？,122
415,一圆形草坪周长是54m，如果在它周围每隔6m放一盆花，共需多少盆花.,9
416,"""华罗庚金杯""少年数学邀请赛，每隔一年举行一次，今年(1988年)是第二届，问2000是第几届？",8
417,某地的水库四周有长为8080米的防水堤，堤上每隔8米栽一棵树，然后在相邻的两棵树之间栽一棵柳树，应该准备两种树各多少棵？,1010
418,一排电线杆，原来每两根之间的距离是30米，现在改为45米.如果起点的一根电线杆不移动，至少再隔多少米又有一根电线杆不需要移动.,90
419,从王林家到公路有一条长90米的小路，王林要在小路的一侧每隔15米种一棵白杨树，(两端都种)，一共要种多少棵白杨树？,7
420,为庆祝元旦，公路两边挂起了灯笼，一共50个，它们每两个之间的间隔是11米，现在改为一边挂34个，间隔应改为多少米？,8
421,某道路一侧，每相邻两根灯柱之间的距离是150米，小亮从第一根灯柱走到第五根灯柱，他一共走了多少米？,600
422,四1班有54名同学，体育课上老师让同学们围成一个圆圈做游戏，每相邻两名同学之间的距离都是2米.这个圆圈周长是多少米？,108
423,在直径是8m的圆形喷水池边上每隔0.628m放一盆花，一共可以放多少盆.,40
424,东山乡沿公路的一侧栽树，从一端开始每隔6米栽一棵树，一共栽了15棵，从第一棵到最后一棵的距离有多少米.,84
425,在一条小路的一侧植树，每隔4米植1棵，(两端都植)，正好植了20棵.这条小路有多少米长.,76
426,一条公路长90米，在这条公路的两边从一端起每隔6米栽一棵松树(两端都栽)，再每隔10米栽一棵杨树，已栽上松树的地方就不再栽杨树，这条公路上松树和杨树一共有多少棵？,40
427,社区门口有一条长为100米的马路，现在要在这条马路的一侧种树，每隔10米种一棵，而且马路的两端都要种，一共需要种多少棵树？,11
428,18路公交车行驶路线(首尾不连)中共有18个站，每相领两站相隔1千米，这条路线全长多少千米？,17
429,一个正方形的花坛的边长是8米，如果每2米摆一盆兰花，每2盆兰花之间再摆一盆月季花，这个正方形花坛一共有摆多少盆花.,32
430,修路队，计划在路的一旁插51面旗，它们的间隔是2米，现在只有26面旗，间隔应为多少米？(两端插旗),4
431,绕圆形花坛一周每隔一米种一棵柏树，共种了20棵，花坛周长为多少米.,20
432,一个池塘周围长30米，在池塘四周每隔2米栽一棵柳树，一共要栽多少棵柳树.,15
433,一个圆形池塘周长300米，每隔5米栽种一棵树，需要多少树苗.,60
434,公路上有20根电线杆，每两根电线杆之间有一块广告牌，一共有多少块广告牌.,19
435,在一段长45米的公路的一边每隔3米栽一棵树，则最多可以栽多少棵树.,16
436,有一块三角形地，甲乙边长258米，乙丙边长444米，丙甲边长648米.现在要给三边和三角都栽上树，甲乙边上每相邻两棵树的间隔相等，乙丙边上每相邻两棵树的间隔是甲乙边上的2倍，丙甲边上每相邻两棵树的间隔是甲乙边上的3倍.问：所栽树总数最少是多少棵？,116
437,学校因校庆需要在进大门80米长路的两旁，每隔5米处插上一面彩旗(路两端都插)，共需要多少面彩旗.,34
438,城关小学在一条大路的一边从头至尾栽树28棵，每隔6米栽一棵，这条路长多少米.,162
439,在长方形池塘的周围植树，栽了38棵杨树，每两棵杨树中间等距离的放两个垃圾桶，共放多少个.,76
440,全班35名学生排成一行，从左边数，小红是第20位，从右边数，小刚是第21位，小红与小刚中间间隔着多少名同学.,4
441,河边种着一排杨柳，每两棵树之间相距4米，小明从第1棵跑到第200棵，一共跑了多少米？,796
442,将军县为了改善居民生活环境，对河水两岸进行改造，原来从二桥到五桥之间，每隔45米安装一盏路灯，加上两端的两盏一共53盏路灯.现在改为每隔60米安装一盏路灯，除两端以外，中途有多少盏不必移动？,12
443,在一条300米长的大桥两旁装路灯(两端都装)，每隔15米装一盏，每盏路灯400元钱，买这些路灯共需要多少钱？,16800
444,有一条道路，左边每隔5米种一棵杨树，右边每隔6米种一棵柳树，两端都种上树，共有5处是杨树与柳树相对.这条道路长多少米？,120
445,一条长2000米的公路两旁每隔10米种一棵杨树，每二棵杨树之间等距离种3棵枫树.这条公路两旁一共种枫树多少棵.,1200
446,同学们在长50米公路的一边植树，每隔5米中1棵，两端都种，一共需要准备多少棵树.,11
447,学校有一个圆形花圃周长36米，如果每隔3米放一盆，一共需要放多少盆花.,12
448,在长500米的一条路的两边栽树，每隔5米栽一棵，两端都栽，一共要栽多少棵？,202
449,在一条长20米的绳子上，每隔2米打一个结，两端不打结，一共应打多少个结.,9
450,在一条道路的两旁栽树，一共裁了50棵树，每隔5米栽一棵(两端都栽)，这条路长多少米.,120
451,在一条全长2千米的街道两旁安装路灯(两端都安装)，每隔50米安一盏.一共要安装多少盏？,82
452,马路的一侧从头到尾共有49棵柳树，每相邻两棵柳树之间的距离是50米.这条马路一共长多少米？,2400
453,一个圆形花坛的周长是32米，沿边缘每隔4米种一棵树，需要准备多少棵树苗.,8
454,在一条马路的两边安装路灯(两端都装)，每隔30米装1盏，一共装了42盏，这条马路有多长？,600
455,黑白团队在一个长为48米，宽为35米的长方形池塘四周上栽树，已知长边上每隔6米栽一棵树，宽边上每隔7米种一棵树.那么，这个长方形池塘四周一共要栽多少棵树？,26
456,一猎人带一猎犬到离家4千米的地方打猎，出门后猎犬便以每分钟150米的速度在家门和猎人之间来回直线不停奔跑.已知猎人的行走速度是每分钟40米，那么当猎人到达目的地时，猎犬奔跑的总路程是多少米？,15000
457,一根绳子长不足6米，从绳子的一头量到3米的地方记下一个记号A，从另一头量到3米处再作一个记号B，A、B之间的距离正好是绳长的(1/5).绳长是多少米？,5
458,有两座塔间距140米，两塔间每隔20米种一棵树，则共需种多少棵树.,6
459,胜利街的一边有20盏路灯(两头不装)，每两盏灯之间相隔10米.胜利街全长是多少米？,210
460,在一条长48米的马路一旁每隔6米栽一棵杨树，两头都栽，可以栽多少棵.,9
461,一座桥全长155米，计划在桥的两侧栏杆上各安装16块花纹图案，每块图案的横长为5米，靠近桥两头的图案距桥头都是15米，那么相邻两块图案之间间隔多少米？,3
462,在一条24米的走廊一侧，每隔3米放一盆花(两端都放)，一共需要多少盆花.,9
463,在学校走廊上放一排菊花，每隔1米放1盆(两端都放)，走廊长20米，需要放多少盆菊花.,21
464,文化广场有25盆花，每隔4m放一盆花，现在要把每相邻两盆花之间的距离数改为6m，共有多少盆花不需要移动？,9
465,一个水库的周长是1600米，在水库的周围每隔8米栽一棵柳树，在两棵柳树中间种两棵白杨树，一共可以种多少棵树？,600
466,圆形的操场的一周全长是1800米.如果沿着这一圈每隔12米安装一盏灯，一共需要装几盏灯？,150
467,在2014年索契冬季奥运会上，要在一个比赛场馆400米长的环形跑道上插彩旗，每隔4米插一面彩旗，需要多少面彩旗？,100
468,有一个圆形花坛，一周120米，每隔6米种一棵紫丁香，每两棵紫丁香中间种一棵月季花，紫丁香和月季花各有多少棵？,20
469,从公园同往湖心的小岛有一条长1020米的小路，在这条小路的两侧，从头到尾每隔15米栽一棵桃树，一共需要栽多少棵桃树.,138
470,人民路两旁从头到尾各安装了51盏灯，每相邻两盏间隔10米，这条路全长多少米.,500
471,一条大路有1000米，路的一边一共栽了51棵树(两端都栽).每两棵树之间是多少米？,20
472,学校为庆祝国庆节，准备在80米长的大道两旁放上鲜花，每隔5米放一盆，一共要放多少盆花？(两端都放花),34
473,在一条长1千米的公路一侧架设电线杆，每隔50米架设一根，公路两端都要架，共需要多少根电线杆？,21
474,在一段公路的两侧每隔16m架设一根电线杆，不算路的两端共用电线杆54根，这段公路长多少米？,448
475,小明坐在火车里数外面的电线杆，从第1根数到第31根共花了1分钟.如果火车每小时行72km，那么每相邻两根电线杆相隔多少米？,40
476,在比例尺是50：1的图纸上，A，B两点之间的图上距离是2厘米，A，B之间的实际距离是多少.,0.04
477,黑白团队在一条小路的两边植树，每隔5米植一棵且两端都植，一共植了160棵树.那么，这条小路长多少米.,395
478,街道上一边原有电线杆29根，每相邻两根间的距离都是45米，由于改建，要把每两根线杆间的距离改成60米，可以有多少根不需移动.,8
479,某大桥的两侧从头到尾共有180根电线杆，相邻两根电线杆间隔20米，这座大桥有多长？,1780
480,20个运动员，骑摩托车围绕体育场的圆形跑道头尾相接做表演.已知每辆车长2米，每相邻两车相隔18米，这列车队长多少米.,400
481,在一条直跑道的一旁插着49面小彩旗(两端都不插)，它们的间隔都是4米.现在要改为只插26面小彩旗(两头都要插)，现在的间隔应该的多少米？,8
482,在一块正方形地的四条边上种树，四个顶点上都种，且每边上有20棵树，树与树之间的距离为5米.这块正方形地的边长是多少米？,95
483,一条步行街的一边从头到尾共有22盏灯(两头都有灯)，每相邻两盏灯之间间隔12.82米.请你算一算，这条步行街长多少米？,269.22
484,在一次检阅中，接受检阅的一列彩车车队共30辆，每辆车长4米，前后每辆车相隔5米.这列车队共排列多长？,265
485,一个圆形养鱼池周长是200m，要在水池周围等间距种上25棵杨树，每相邻两棵杨树之间的距离是多少米？,8
486,一条公路的一侧每隔22米架一根电线杆，从头到尾共有31根，这条路有多少米.,660
487,"为庆祝""六一""，在学校长150米的主行道的两旁插上彩旗，每间隔5米插上一面(两端都要插)，一共要插多少面彩旗.",62
488,一堆钢管，相邻两层之间相差1根，已知最上层有8根，最下层有15根.这对钢管共有多少根.,92
489,一条路长1千米，每隔20米有一根电线杆.这条路从起点到终点，两边一共有多少根电线杆.,102
490,一条330米长的直道两旁，每隔3米插一面彩旗，如果只插一端，一共需要多少面彩旗？,220
491,一个圆形广场的直径为20m.计划沿广场边线每隔0.4m放一个花盆，需要多少个花盆.,157
492,光明小学在一条大路边共栽树21棵，每隔6米栽一棵，问这条路长多少米？,120
493,5路公交车在A、B两地之间设置了15个站台，每两个站台之间的间隔是50m.现在要改为只设置11个站台(起点站和终点站不动)，间隔应改为多少米？,70
494,一条步行街长800米.如果在街的两侧每隔40米安装一盏路灯(两端也要安装)，一共需要安装多少盏路灯？,42
495,在一条全长2千米的街道两旁安装路灯，(两端也要安装)每隔40米安一座.一共要安装多少座路灯.,102
496,36个同学在操场上围成一个圆圈做游戏，每相邻两个同学之间都是2米，这个圆圈的周长是多少米？,72
497,有18个小朋友排成一路纵队，每两个小朋友之间相距1米，这路纵队全长大约多少米.,17
498,电力公司在一条长3千米公路的一边架设路灯线路杆，计划每30米架设一根，当架设到1200米时发现有误，改为每50米架设一根，这样已架设的电线杆中，不要重新架设的电线杆有多少根.,9
499,在100米的人行道两边栽树，每隔4米栽一棵(两端都要栽)需要栽多少棵树.,52
500,甲乙两站之间的铁路长420千米，一列客车和一列货车分别从甲站和乙站同时相对开出，客车每小时行80千米，货车的速度是客车的(3/4).经过几小时两车相遇？,3
501,一条600米长的马路，要在它的两边每隔15米栽一棵槐树(两端都栽)，一共栽多少棵槐树？,82
502,把60面小旗插在迎宾道路的两旁(两端都插)，每相邻两面小旗的距离是5米.这条迎宾道长多少米.,145
503,两栋楼之间相距28米，每隔4米载一棵树，两栋楼之间一共可以在多少棵树.,6
504,有一本故事书，第一页有插图，后面每隔5页都有一幅插图，第10幅插图在第多少页.,46
505,一个湖泊周长1500米，沿湖泊周围每隔6米栽一棵柳树，一共栽柳树多少棵.,250
506,某公司在道路的一侧插彩旗，每隔5米插一面，从起点到终点共插了8面，这条道路长多少米？,35
507,工人们要在一条长为1600m的公路一侧，每隔40m安装一盏路灯(两端都安装)，一共需要安装多少盏路灯？,41
508,从运动场一端到另一端全长96米，从一端到另一端每隔4米插一面小红旗，一共要插多少面小红旗.,25
509,在一条长500米的公路一侧架设电线杆，每隔50米架设一根，若公路两端都不架设，共需电线杆多少根.,9
510,一辆市内公共汽车，从早晨7时发车到晚上9时停止，每隔10分发一辆车，这一天共发车多少辆？,85
511,车队以4米/秒的速度缓缓通过一座长200米的大桥，共用秒115，已知每辆车长5米，两车间隔10米，这个车队共有多少辆车.,18
512,一个圆形跑道长100米，每隔4米放一盆花，一共要放多少盆花.,25
513,在相距120米的两楼之间种树，每隔20米种一棵，共栽了多少棵.,5
514,运动会入场式，快乐小学参加队列表演，有60人参加，每4人一行，前后两行间隔1米，这个队列全长多少米.,14
515,有27幅画在学校画廊展出.在这一行画中，小雅的画从左向右数是挂在第14幅，小胖的画从右向左数挂在第20幅，小雅和小胖的画之间还有多少幅画？,5
516,在一条公路的一边，每隔4米栽一棵树，一共栽了200棵树，这条路全长有多少米？,796
517,一条路上，每隔20m架设一根电线杆，从头到尾一共架设了100根，这条路有多长？,1980
518,湖滨路种着一排柳树，每相邻两棵树之间的距离是8米，小欣从第6棵跑到第200棵，一共跑了多少米？,1552
519,市民中心广场有一个圆形水池，直径是200米，沿水池一周每隔4米种一棵垂柳，一共要种垂柳多少棵？,157
520,一个池塘周长是1800米，沿池塘边每隔5米栽一棵杨树，一共可以栽多少棵？,360
521,四年级200名学生平均排成4列纵队去看展览，前后两名同学相距1米.这支队伍首尾的学生相距多少米？,49
522,一条走廊长32米，每隔4米放一盆花，至少要放多少盆花.,7
523,学校圆形花坛一周每隔2米种一棵数，共种了15棵，花坛周长是多少米,30
524,在一条长40米的马路的一边，从头到尾每隔5米种一棵树，一共可以种多少棵树.,9
525,12名女生排成一队，每2名女生之间插进1名男生，一共可以插进多少名男生.,11
526,绿化公司要在长2400米的公路两旁植树，两端都要栽，相邻两棵树之间的距离是5米，一共要植多少棵树？,962
527,从甲地到乙地原来每隔45米要安装1根电线杆，加上两端的2根一共有65根电线杆，现在改成每隔60米安装1根电线杆，除两端2根不需移动外，中途还有多少根不必移动？,15
528,操场旁边的一条小路一侧插着10面小旗，每相邻两面小旗之间的距离是3m，两端不插，这条小路有多长？,33
529,长江路小学三3班51人只站成一队，每相邻两人之间都是3米，请问这一队有多长？,150
530,公路的一旁每隔40米有木电杆一根(两端都有)，共121根，现改为水泥电杆51根(包括两端)，那么两根相邻水泥电杆之间的距离是多少.,96
531,在400米的环形跑道上固定一个起点插彩旗，第一次每隔40米插一面彩旗；第二次仍然每隔一定距离插一面彩旗，但间隔比第一次缩短了.插完后发现有5面彩旗没动，求第二次的彩旗间隔是多少米？,16
532,"在每年""创建绿色社区""的进程中，都会举行一个大型的花车巡游活动.一列彩车由25辆车组成，每辆车长8米，前后两车相隔10米，这列彩车车队共长多少米？",440
533,有一条150米长的堤坝，先在两端浇灌了两个石墩，然后在这两个石墩之间再浇灌9个，并且使相邻两个石墩之间的距离都相等，求相邻两个石墩之间的距离.,15
534,有一块边长是20米的正方形菜地，为了防止牲畜进去吃菜，要沿四周做一道篱笆，需从头到尾等距离插40根竿，每两根竿之间相距多少米？,2
535,一条直路长200米，从一端到另一端每隔4米栽一棵树，现在要改成每隔5米栽一棵树，有多少棵树可以不用移栽.,11
536,一座新建大桥通车，在桥两边的栏杆上插彩旗，从头到尾共插20面，相邻两面彩旗的间隔都是5米，求这座桥长多少米？,45
537,公路的一侧要植树，两端都要栽，原计划每隔4米种一棵树，一共要种21棵树，现在改为每隔5米种一棵树，现在要多少棵树苗.,17
538,园林局的工人叔叔要在一条长360米的马路一边种树，每隔4米种一棵树，一共要种多少棵树？(两头都要种),91
539,一条长2400米的大道两旁共植树162棵(两端都栽树)，大道一旁平均相邻两棵树之间的距离为多少米？,30
540,新建的北川县城里有一条长800米的马路.在马路的两侧从头到尾每隔20米栽一棵树，一共需要多少棵树苗？,82
541,在操场长60米的一侧插小旗，每隔6米插一面，一共插多少面小旗.,11
542,在一座长120米的大桥两边挂彩灯，桥头和桥尾，一共挂了42盏彩灯.已知相邻两盏彩灯之间的距离相等，求两盏彩灯之间的距离.,6
543,洗好的11块手帕用夹子夹在绳子上，每一块手帕的两边必须用夹子夹住，同一个夹子夹住相邻的两块手帕的两边，一共要多少个夹子.,12
544,在一个半径为20米的圆形花坛周围栽树，每隔6.28米栽一棵树，一共可以栽多少棵树？,20
545,为了绿化城市，美化环境，园林工人在自由大路两边摆满了盆花.每一边放152盆，一共放了多少盆？,304
546,给一条长2.5千米的新建公路两边植树，两头都要植树，相邻两棵间隔5米.一共能植多少棵树.,1002
547,一条350米长的公路，如果在公路的两边每隔5米种一棵树(两端都种)，一共可以种多少棵树？,142
548,元旦即将来临，学校准备在教学大楼的顶部前沿从头到尾每隔5米插上一面彩旗，测得大楼的顶部前沿长50米.学校需要买多少面彩旗？,11
549,组委会在长达845米的上路中，每隔65米设置一个服务站(起点不设).一共设了多少个服务站？,13
550,一条小道两旁，每隔5米种一棵树(两端都栽)，共种202棵树，这条路长多少米？,500
551,市政部门原计划在和平路的一旁放置41个垃圾箱(两端放)，它们的间隔是50米.现在改为只放置26个，间隔应改为多少米？,80
552,一条长99千米的公路上，每隔3千米就设一个销售站.王师傅沿线开车送货，每装一次货可以送给两个销售站，货物在第一家销售站旁.王师傅按运送货物的最短线路行驶360千米，他送了多少个销售站的货？,120
553,从运动场的一端，每隔4m钉一根木桩，一共钉了25根木桩，现在改成每隔6m钉一根木桩.可以不拔出来的木桩有多少根？,9
554,公园走廊的一侧摆放着31盆花(两端都摆)它们每隔5米.现在要改为只放26盆，(两端都放)它们之间的间隔应改为多少米？,6
555,在一个长125米环形的花园四周种树，每隔5米种一棵，一共要多少棵树.,25
556,40个同学平均排成两路纵队，前后两人之间相距1米，这个队伍长多少米.,19
557,在150米长的路的两旁栽树，每隔5米栽一棵(两端都要栽)，一共需要栽多少棵树.,62
558,沿圆形草坪一周共插了80面小红旗，每两面小旗之间摆放一盆花，一共要摆放多少盆花.,80
559,同学们到操场上排队，一列队伍全长16米，前后相邻两位同学之间的距离都是1米.这列队伍一共有多少位同学.,17
560,三角形鱼塘的三条边分别长40米、60米、70米，如果每隔10米栽一棵树，共栽树多少棵.,17
561,一条30米长的直道一边，每隔2米放了一盆花，两端都放，一共要放多少盆？,16
562,国庆阅兵徒步方阵共长1048米，每个方阵长32米，每两个方阵间隔8米，求有多少个方阵？,27
563,道路的一边一共有25根电线杆，每两根电线杆之间有一块广告牌，一共有多少块广告牌？,24
564,春天植树，原计划每隔10米种一棵，确定好位置后发现树与树之间太密，不利于树的生长，决定改为每隔15米种一株，这样在150米的长度中，有多少个已经定好的点不需要再改动？,6
565,一个长方形花坛，长50米，宽40米，若要在花坛周围每隔5米在一棵数，共栽多少棵？,36
566,在一段长700米的路的两侧等距离种树，路两端都种，共种42棵.相邻两棵树之间的距离是多少米？,35
567,在相距80米的两楼之间栽一排树，每隔5米栽一棵树，共可栽多少棵树.,15
568,公园的道路两边摆放了一些盆栽，每边放了352盆，一共有多少盆？,704
569,5个学生站成一排，每相邻2个学生之间的距离是1.2m，那么第1个学生到第5个学生之间的距离是多少m.,4.8
570,环绕着公园的圆形池塘边栽着柳树和海棠树，每相邻2棵柳树之间有2棵海棠树，一共有240棵海棠树.柳树有多少棵？,120
571,街心公园一条甬道长200米，在甬道的两旁从头到尾等距离栽种美人蕉，共栽种美人蕉82棵，每两棵美人蕉相距多少米？,5
572,在一条长120米的直路的一边植树(两头都栽)，原来计划每4米种一棵树，树坑已挖好，改为每6米种一棵树，那么共有多少个树坑不需要重挖？,11
573,校园内有一条60米长的小道，要在小道的两旁每隔5米植一棵树，首尾都要植，一共要准备多少棵树苗.,26
574,在学校的走廊两边，每隔4米放1盒花，一共放了18盒，且起点和终点各有1盆花，这条走廊长多少米？,32
575,某班同学在军训队列表演中恰站成一个双层空心方阵，外层的每边站了9名同学.若让这个班同学在一条250米长的笔直马路上站岗，从一端开始每隔5米站一人，则站满之后还剩下多少人？,5
576,为了保护公园一棵千年古树，园林所决定为它做一圈圆形的防护栏，如果安排10个间隔，每个间隔长1.2米，这个防护栏的一周的长度是多少米？,12
577,沪嘉高速公路长15.9千米，两端的入城道路各长4.6千米，这条公路全长多少千米？,25.1
578,市民广场两端各有一棵树，这两棵树相距42米，绿化队计划在这两棵树之间等距离地补栽20棵树，补栽后每两棵树之间的距离是多少米？,2
579,两棵榕树相距121米，要在这两棵树之间栽种10棵小树，如果每两棵树的间隔相等，那么树的间隔是多少米？,11
580,园林工人要在一条长500米的公路两旁栽树(两端都栽)，每两棵树之间的距离是5米，一共要栽多少棵树？,202
581,食堂门前的洗碗池边有5个水龙头，相邻两个水龙头之间相距75厘米.这个洗碗池的长大约是多少米？,3
582,2008年5月26日奥运圣火在扬州境内传递，为了美化环境，需要在每两棵绿树之间布置花卉盆景，每个盆景需要50盆花，已知文昌中路两旁共有208棵绿树，那么共需要多少盆花卉.,20700
583,国庆路每隔50米有一盏路灯.欢欢从第一盏路灯走到第40盏路灯，一共走了多少米？,1950
584,在一幅1：800000的地图上，量得两个城市之间的距离是3厘米，两城市之间的实际距离是多少千米.,24
585,一次检阅，接受检阅的一列彩车车队共30辆，每辆车长4米，前后两辆车相隔5米.如果车队每秒行驶2米，那么这列车队要通过535米长的检阅场地，需要多少时间？,400
586,在一条长50米的直道两边放花，每隔2米放一盆，直道每边的两端都不放花，一共需要放多少盆花.,48
587,在两幢大楼之间每隔3米载一棵柳树，共载了3棵，这两幢大楼之间的距离应该是多少米,12
588,一条路的一侧有40棵树，每两棵树的间隔是5米，这条路长多少米？,195
589,一条大道的两旁每隔3米栽一棵树，连两端共栽了302棵树，这条大道全长多少米.,450
590,在相距180米的两幢楼之间种树，每隔30米栽一棵，共栽多少棵.,5
591,在一条240米长的道路一旁种树，从头到尾地种，一共种了16棵树，每两棵间隔多少米？,16
592,在一条路的一侧从头到尾种树，每隔15米种一棵树，共种41棵，这条路长多少米？,600
593,一个圆形花坛的直径是10米，在花坛的周围摆上花盆，每隔1.57米放一盆，一共可以放多少盆？,20
594,一条马路长40米，在马路的一旁种树，每两棵之间的距离是5米(两端都种)，需要种多少棵树？,9
595,圣诞节在一座100米长的购物广场门口挂彩灯，从一端起，每隔2米挂一盏，一共要挂多少盏彩灯？,51
596,学校门前的小路两旁，从头到尾都栽满树，已知小路长200米，相邻两棵树之间的距离是4米，问小路上一共有多少棵树.,102
597,在跑道两侧每隔4米种一棵树，结果第一棵与最后一棵相距48米，现在将树移栽成每隔6米种一棵，其中有几棵不需要移栽？,10
598,一个圆形花坛的周长是30米，在它的边上每隔3米摆一盆花，一共需要多少盆花.,10
599,园林工人沿一条笔直的公路一侧植树，每隔6米种一棵，一共种了36棵.从第一棵到最后一棵的距离有多少米.,210
600,黑白团队在一条长360米的公路两旁种树，每隔5米种一棵，两头都要种，一共要种多少棵树.,146
601,16个学生排成一行，每两个人之间间隔2米.第一个学生到最后一个学生相距多少米.,30
602,一个小朋友以相等的速度在小路上跑，路边等距离地种着树，他从第1棵树跑到地第6棵树旁共用了30秒，这个小朋友就这样跑了60秒，他应该跑到第多少棵树旁.,11
603,在一条道路的两旁栽树，一共栽了32棵，每隔8米栽一棵(两端各栽一棵)，这条路长多少米？,120
604,在一条笔直的跑道旁插着51面旗，间隔是2米，后来改为只插26面小旗，平均间隔多少米？(两端都插),4
605,30人排成一队，从左向右数第25人是小红，从右向左数第25人是小华，小红和小华之间有多少人？,18
606,一条长300米的公路一侧，每隔3米种l棵杨树；另一侧每隔5米种l棵柳树；已知公路两端都种树，那么这条公路两侧共有多少棵树.,162
607,在一段公路的一边栽95棵树，两头都栽，每两棵树之间相距5米，这段公路全长多少米？,470
608,铁路旁每隔60米有一根电线杆，某旅客为了计算火车的车速，测量出从经过第一根电线杆起到经过第20根电线杆止共用了1分钟.火车的速度是每秒多少米？,19
609,在一段公路的两边每隔6米种一棵树，共种了180棵，如果两端都种上树，这段公路长多少米.,534
610,要在全长100米的小路一边植树，每隔4米栽一棵(两端都要栽)，一共要栽多少棵树.,26
611,人民广场种着一排风景树，每两棵树之间距离是6米，王奶奶从第一棵树散步走到第50棵树，她一共走了多少米.,294
612,食堂和宿舍之间每隔4米栽树，共栽了6棵树.现改成每隔2米栽一棵树，需要多少棵树？,13
613,园林工人沿一条笔直的公路一侧植树，每隔5米种一棵，一共种了36棵.从第一棵到最后一棵的距离是多少米.,175
614,某大学从校门的门柱到公路有一条1000米的小路，每边相隔8米栽一棵白杨，一共可以栽白杨多少棵.,248
615,校园的甬路长50米，在甬路的一侧从一端到另一端每隔5米种一棵树.在每两棵树之间摆2盆花，一共摆了多少盆花.,20
616,在一块长80米，宽60米的长方形地的周围种树，每隔4米种一棵，一共要种多少棵？,70
617,已知相邻两根电线杆之间的距离是35米，从小洪家到学校门口有36根电线杆，再往前595米，共有多少根电线杆？,53
618,在圆形的花坛边上放了10盆花，每两盆花之间相隔1米，花坛一圈长多少米.,10
619,在一条长50米的大路两旁，每隔5米栽一棵树(两端都要栽)，一共可栽多少棵树.,22
620,学校要在教学楼前150米长的路的一旁栽树，每隔5米栽一棵(两端不栽)，共需要多少棵树苗？,29
621,在一段公路的一旁栽了85棵树，两头都栽，每两棵树之间相距5米，这段公路长多少米？,420
622,72个同学站成两行做广播操，队伍长35米，相邻两个同学之间相隔几米？,1
623,9个小朋友站成一圈做游戏，每两人之间相隔2米，你知道这一圈共多少米吗？,18
624,有8名同学进行比赛，每两人之间都要进行一场比赛，一共需要多少场.,28
625,有三个小朋友在马路的两边种树，每人种6棵.这条路平均每边种了多少棵树？,9
626,在一条马路的一侧等距离地栽了50棵小树，每两棵小树之间的距离是(9/7)米，这条马路长多少米.,63
627,学校400米环形跑道每隔10米插一面小旗，一共要插多少面小旗.,40
628,两幢楼前后相隔27米，中间有一条水泥路相通.现要在路两边植树(两端都种)，每隔3米植一棵，一共要准备多少棵树苗？,20
629,三年级共有同学272人排队做操，每排16人，其中每两排之间间隔2米，那么操场至少需要多少米长才能容纳得下三年级的同学？(同学所占的宽度忽略不计),32
630,在六边形的花坛周围等距离放一盆花，六个顶点各放一盆，一共放了48盆花.每边放多少盆花？,9
631,一条公路长500米，计划在公路的两边栽48棵树，起点和终点是站牌，不用栽树，平均多少米栽一棵树？,20
632,一个湖泊周长是1500米，在湖泊的周围每隔50米有一张长条石凳供人们休息.每两个石凳之间等距离地种植着3棵柳树，在这个湖泊周围一共有柳树多少棵？,90
633,学校要在长50米的教学楼前植一排树，每5米栽一棵(两端要栽)，需要准备多少棵树苗.,11
634,在一条水渠的一边共种了21棵小树，每两棵小树之间的距离是(3/2)米，这条水渠至少长多少米.,30
635,有一条公路长1000米，要在公路的一侧每隔5米栽一棵树(两端都栽)，一共可栽多少棵树？,201
636,在一条长80厘米的纸条上，每隔5厘米做一个记号，一共要做多少个记号.,15
637,在一个四个边长都是96米的正方形边上每隔8米种一棵柳树，交错处都种，一共要种多少棵树.,48
638,15个同学站成1路纵队，每两人之间间隔1米，队伍一共长多少米.,14
639,一条长100米的道路一旁每隔4米插一面小旗，一共要插多少面小旗.,26
640,河堤步道每隔10.65公尺设一个垃圾桶，头尾两端都不设，一共设了12个垃圾桶，这条河堤长多少公尺？,138.45
641,在一条笔直跑道的一边等距离地插了8面红旗(两端都插)，把这条跑道分成了多少段.,7
642,一段小路长90米，要在路的两旁植树，每隔3米植一棵(两端要栽).一共要栽多少棵？,62
643,为了保护一棵古树，园林处要为它做一个长30米的圆形防护栏.如果每隔2米打一个桩，一共需要打多少个桩？,15
644,彩旗队的40名同学站成一排，每人占取0.4米，每两人之间相距0.5米，这排队伍共长多少米.,35.5
645,一个圆形跑道长300米，沿道路每隔6米栽一棵树，跑道周围共栽了多少棵树.,50
646,在长480米的路的两边栽树，每两棵树之间15米(两端都栽)，一共要栽多少棵树？,66
647,在一个运动场的周围安装路灯，周长是300米，每两个路灯间隔12米，需要安装多少盏路灯？,25
648,在一条长600米的马路一边安装路灯(两端都装)，每隔30米装1盏，一共要装多少盏路灯？,21
649,在新建大桥的一侧，每隔12米装一盏路灯(两端都装)，共装路灯33盏，现重新设计，每16米装一盏，这样只需路灯多少盏.,25
650,在正方形池塘的四周种树(每个角上都要种)，每边种树121棵，每两棵树之间的距离是4米，这个池塘的周长是多少米？,1920
651,在路的一侧栽树苗，先在路的一端栽一棵，以后每隔5米栽一棵，从起点到终点一共栽了10棵，这条道路有多少米.,45
652,为迎接元宵节，人民公园要在园内一条长1000米的路旁一侧悬挂灯笼，每5米放一盏，若路的两端不挂灯笼，一共需要准备多少盏灯笼？,199
653,一条公路共长2228米，现在路的两旁每隔4米种一棵树，那么需要多少棵小树苗？,1116
654,15个同学排成一队，队伍中共有多少个间隔.,14
655,一块长方形花卉基地，长40米，宽30米，在它的边上边上每隔5米种棵一月季花，这个花卉基地能种几棵花？,28
656,学校搞庆典活动时，在一块长14米，宽10米的长方形草坪四周摆放花盆(四个角上都放)，每隔2米放一盆，一共摆放了多少盆？,24
657,一条走廊长32米，每隔4米放一盆花(两端都放)，要放多少盆花.,9
658,一个长方形花坛的长是20米，宽是15米，现在要在这个花坛的四周栽菊花，四个角上都要栽，每相邻两棵菊花间隔5米，一共要栽多少棵菊花？,14
659,在相距50米的两幢楼之间的道路两旁种树，每隔5米种一棵，一共要种多少棵？,18
660,花束队的50名同学站成一排，每人占取0.4米，每两人之间相距0.5米，这排队伍共长多少米.,44.5
661,在圆形操场的四周每隔3米插上彩旗，共插上80面，这个圆形操场的周长是多少米.,240
662,新春佳节到了，长900米的大桥两侧挂起了彩灯，小红从起点数到终点，大桥两侧一共挂了202盏彩灯，并且相邻两盏彩灯之间的距离相等，相邻两盏彩灯之间的距离是多少米？,9
663,有一条小路两旁，每隔5米种一棵杨树(两端都种)，共种202棵，这条路长多少米.,500
664,有一条长1250米的公路，在公路的一侧从头到尾每隔25米栽一棵杨树，园林部门需运来多少棵杨树苗？,51
665,人民路两旁从头到尾各安装了51盏路灯，每相邻两盏间隔10米，这条马路全长多少米？,500
666,在一条长80米的小路一侧，从头到尾每隔8米栽一棵树，一共可以栽多少棵树.,11
667,湖滨种着一排柳树，每相邻两棵树之间相距8米，小明从第5棵树跑到第100棵树，一共跑了多少米.,760
668,"为了迎接""六一""国际儿童节，学校要在校内水泥路的两旁插彩旗(水泥路两头都要插)，这条水泥路长90米，每隔10米插一面彩旗，一共要准备多少面彩旗？",20
669,一辆客车和一辆货车同时从两地相对行驶，客车每小时行驶96千米，货车平均每小时行驶88千米，经过6个小时两车相遇，两地之间相距多少千米？,1104
670,工人叔叔在公路的一侧从头到尾每隔80米立一根电线杆，刚好立了9根.你知道这段公路长多少米吗？,640
671,在一条长为280m的公路两旁栽杨树(两端都裁)，每隔5m栽一棵.一共要栽多少棵杨树？,114
672,同学们围着一个直径是12米的圆周做游戏，如果在圆周上每隔1.57米站一个同学，共能站几个同学？,24
673,给一个直径8米的圆形喷水池围上栏杆，栏杆每隔1.57米做1个立柱.这个喷水池需要几个立柱？,16
674,在一段公路的一边种树，先在起点种一棵，以后每隔3米种一棵，一共种了234棵.这段公路长多少米？,699
675,一条长150米的道路一边每隔6米放置一条彩旗，需要多少条？(两头都放),26
676,在一个周长是48m的池塘周围种树，每隔4m种一棵，一共可种多少棵？,12
677,在一条长315米的小路一旁种树，每隔9米种一棵(两端都种)共要种多少棵.,36
678,王大爷在正方形鱼池边上植树，每边等距离植树10棵，四个角都植有树，每两棵树之间相距4米，鱼池的周长是多少米？,144
679,在一条长为180米的小路两旁植树(两端都植)，每20米栽一棵.一共需要栽多少棵树？,20
680,一段长2000米的公路，原来每相邻两根路灯之间的距离为25米，现在要将其改为40米，有多少根不移动.,11
681,学校有一条50米的道路，计划在路一边栽树，每隔2米栽一棵，如果两端都各栽一棵树，共需多少棵.,26
682,在一个正方形水池边摆花盆，每一边都要摆5盆花，至少需要多少盆花.,16
683,在校门口有一条长180米的小路，在小路的一旁每隔3米插一面彩旗(两端要插).一共要插多少面彩旗.,61
684,植树节到了的时候，八班的学生栽了6棵树，每两棵间隔2米，照这样计算，栽15棵树距离是多少米﹖,28
685,马路一边有一些电线杆，每两根电线杆中间有一个广告牌，已知广告牌有25个，那么电线杆有多少根.,26
686,在30米长的一段路的一侧植树，从头到尾(两端都栽)共植了4棵树，相邻两棵树之间的距离是多少米.,10
687,在直径5米的圆形花坛的周围每隔1.57米栽一棵花，一共可以栽多少棵.,10
688,在一段公路的两边栽树，每隔3米栽一棵，一共栽了600棵.这段公路一共长多少米？,897
689,在一块长120米，宽72米的长方形的土地的四周等距离种树(四个顶点上必须种)，最小要种多少棵.,16
690,育才学校的图书馆与教学楼相距550米，现在需要在两栋楼之间的路旁每隔50米装一盏路灯(两端都不装)，这条路的两旁一共需要装多少盏路灯？,20
691,有一个圆形花圃长120米，若沿着这个花圃每隔6米栽一株丁香，再在每相邻的两株丁香之间等距离地栽两株月季，丁香和月季共需要栽多少株？,60
692,有1200名中学生参加团体操训练，每10名排成一排，两排中间相隔1.2米，首尾两排相距多少米？,142.8
693,有一根长为120厘米的绳子，从一端开始每隔3厘米作一个记号，每隔4厘米也作一个记号，然后将标有记号的地方剪断.绳子共被剪成多少段.,60
694,一条公路长1800米，从起点到终点，每隔30米安装一根电线杆，共需要安装电线杆多少根？,61
695,永州市为美化城市，在公路一旁插彩旗，每隔4米插一面，从第一面旗到最后一面旗一共插了25面.后改成每隔6米插一面旗，一共有多少面旗不用移动.,9
696,前段时间，南方发生雪灾，高速公路被堵，车辆堵塞.5辆8米长的卡车和10辆2.5米长的轿车排成了一字形，它们每两辆车之间相隔12米，这队车队有多长？,233
697,市政广场是一个长300m，宽200m的长方形，在它的四周每隔5m插一面彩旗，一共需要多少面彩旗？(四个角上各插一面),200
698,48名同学排3列，前后两个同学之间的距离是1米，这个队伍长多少,15
699,张庄要在一条长120米的街道一旁装路灯，计划每隔12米装一根电线杆(两头都要装)，需要装多少根电线杆？,11
700,在一条400米的公路两边栽树，从一端起，每隔8米载一棵，一共能载多少棵？(两端都载),102
701,某公园里有一条长42米的小路，小路的一边从头到尾每隔7米有一张石凳，每相邻两张石凳之间摆了3盆花，共要摆多少盆花？,18
702,节日里，要在120米长的城楼上插彩旗，每隔5米插一面.两头都要插，一共要插多少面.,25
703,学院街长500米，每隔25米放一个垃圾箱，两端都放，需要垃圾箱多少个？,21
704,在一个圆形池塘周围每隔5米植一棵柳树，正好植树30棵，这个池塘的周长是多少米.,150
705,在一条公路的一边种树，先在一头种一棵，以后每隔4米种一棵，一共种了532棵就种到另一头了，这条路长多少米.,2124
706,一条公路长200米.，在路的两旁每隔20米栽一棵树，两端都要栽.一共可以栽多少棵树？,22
707,一条马路长480米，在路的一旁每隔6米种一棵树，两端都种，共种多少棵树？,81
708,某公园内的一条林萌大道全长800m，在它的一侧等距离地放着41个垃圾桶(两端均放)，每两个垃圾桶相距多少米？,20
709,某地区国庆节有6000人参加游行庆祝活动，现将6000人分成25队，每队以12人为一排排列成队伍，排与排相隔1米，队与队相隔6米.这支游行队伍全长多少米？,619
710,一条100米的路两边每隔10米种一棵树，一共需要种多少棵树.,22
711,一条笔直的林荫道长36米，在林荫道的这一头到那一头每隔2米放一盆花，一共要放多少盆花？,19
712,在一条公园小路旁边放一排花盆.每两盆花之间距离为4米，共放了25盆，现在要改成每6米放一盆，则有多少盆花不必搬动.,9
713,一条路的一侧每隔10米有一个电线杆，连两端的电线杆一起共20根，这条路长多少米.,190
714,为了庆祝国庆节，在润扬大桥的栏杆上插彩旗，从头到尾共插500面，每两面彩旗中间放一盆花，一共需要多少盆花.,499
715,有一批树苗，8棵一捆多6棵，10棵一捆多8棵，12棵一捆多10棵，这批树苗在100～200棵之间，一共有多少棵树苗？,118
716,在一排12名的女生队伍中，每两名女生之间插进一名男生，一共要插进多少名男生.,11
717,一个正方形大舞台周长是120米，在4个角上都摆上一盆花，每条边上都摆了11盆花.每盆花之间相距多少米？,3
718,市政绿化一段街道两边，每边种了437棵树，一共种了多少棵？,874
719,园林工人在长60米的小路两边每隔6米栽一棵树(首尾都栽)，现在要改成每隔4米栽一棵树，那么不用移栽的树有多少棵？,12
720,在一条全长5千米的公路两旁装路灯(两端也要安装)，每隔50米安一座.一共要安装多少座路灯？,202
721,一个圆形水池周围每隔2米栽一颗杨树，共栽20棵，水池的周长是多少米？,40
722,从甲地到乙地，原来每隔45米装一根电线杆，加上两端的两根有53根，现改成每隔60米装一根电线杆，除两端两根不移动外，中间还有多少根不必移动.,12
723,两座大楼之间相距168米，管理处要在两座大楼之间的小路的一边栽树，要栽27棵树，则相邻两棵树之间的距离是多少米？,6
724,学校圆形花坛的周长是36米，每隔4米摆一盆兰花，一共要摆多少盆兰花.,9
725,学校夏令营小组准备在90米长的操场一边插上彩旗，每隔3米插一面红色旗帜，每隔5米插上一面黄色旗帜，但两种颜色的旗帜不同时插一个地方，(也就是有了红旗的地方就不插黄旗，有了黄旗的地方就不插红旗)并且两端都要插，操场边上一共可以插多少面彩旗？,43
726,在学校的过道一侧，每隔4m放一盆花，两端都要放，从起点到终点一共放了24盆花.这条过道长多少米？,92
727,铁路沿线的电杆间隔是40米，某旅客在运行的火车中，从看到第一根电线杆到看到第51根电线杆正好是2分钟，火车每小时行多少千米.,60
728,公路的一边有25根电线杆，每两根电线杆之间有个广告牌，一共有多少个广告牌.,24
729,在一个周长是42米的圆形花园周围，每隔2米放一盆花，一共可放多少盆花？,21
730,一段路，从头到尾有23盏路灯，每两盏路灯相距24米，这段路有多长？,528
731,广场上举办庆典活动，摆了一些花装饰广场，摆放顺序是按2盆月季、1盆一串红间隔排列.第25盆是什么花？第48盆呢？,48
732,有一条小路长500米，在小路的一旁从头到尾每隔10米栽一棵树，一共可以栽多少棵树？,51
733,小红在操场周围种树，开始时每隔3米种一棵，种到13棵后，发现树苗不够，于是决定重种，改为每隔4米一棵，这时重种时，不必再拔掉的树有多少棵？,4
734,学校开运动会，在操场边布置了10面红色的旗帜.如果现在要在每两面红旗之间再布置上1面蓝旗、1面黄旗和1面彩旗，共需要再准备多少面旗帜.,27
735,小朋友在公路的一边栽了10棵树，老师让他们在每两棵树之间再载一棵树，那么栽完之后一共有多少棵树.,19
736,一条走廊长24米，每隔3米放一盆花，两端都放，可以放多少盆花？,9
737,在直径是8米的圆形水池周围栽树，每隔1.57米栽一棵，共栽多少棵.,16
738,环绕公园湖的小路上，每隔8米放一个垃圾筒，共放了20个，这条小路全长多少米.,160
739,学校在校门口插彩旗，全长36米，从头到尾共插了19面，求相邻两面彩旗之间相距多少米？,2
740,两座大楼之间相距168米，管理处要在两座楼房之间的小路的一边栽树，相邻两棵树之间的距离是6米.一共要栽多少棵树？,27
741,学校有一条长60米的过道，计划在过道一边栽树.每隔3米栽一棵.如果两端都栽树，共需多少棵树苗.,21
742,园林工人在一段公路的两边每隔4米栽一棵树，共栽了74棵，现在要改成每隔6米栽一棵树，那么不用移栽的树有多少棵？,26
743,学校的走廊长36米，原来每3米放一盆花，现在改为每4米放一盆花.最多有多少盆花可以不必换位置？(两端都放),4
744,迎宾东路全长约12千米，计划在沿武列河一侧每隔30米装一盏路灯(两端都装)，如果每盏路灯需花费1200元，这条路安装路灯共需要多少万元？,481200
745,在一条马路2旁植树，每隔3米植一棵，植到头还剩3棵；每隔2.5米植一棵，植到头还缺少37棵，这条马路的长度？,300
746,在一段公路上，从起点到终点每隔5千米设一块指示牌.这段路上共有6块指示牌.这段路总长多少千米？,25
747,一条公路的一侧从一端到另一端共栽了200棵树(两端都栽)，相邻的两棵树相隔4米，这条公路全长有多少米？,796
748,一根铁管长20米，每隔4米锯开一段，每锯一次要用5分钟，全部锯完要用多少分钟.,20
749,从学校到图书馆的公路长1000米，要在它两侧的起点和终点栽上树.如果每两棵树之间的距离是8米，一共要栽多少棵树？,252
750,把两根木棍叠放在一起，从头到尾共长66厘米，其中一根木棍长48厘米，中间重叠部分长12厘米，另一根木棍长多少厘米？,30
751,青岛市城东环路一段长450米，计划每5米装一盏灯，路的两边都装灯，你知道路的两边共装了多少盏灯吗？,182
752,公路的一边每隔4米新装了一些广告牌，因为一头是桥墩所以没有装，小兰从头到尾数了一下，一共42块公告牌.这条公路长多少米？,168
753,林荫道的一侧两端共栽了8棵树，相邻两棵树间隔5米，林荫道长多少米.,35
754,公路上一排电线杆，共25根，原来两根之间的距离45米，现在要改成60米，有多少根不用动.,7
755,在一个直径为50米的圆形水池周围栽种柳树，每隔6.28米栽一棵柳树，一共可以栽多少棵柳树？,25
756,国庆节在校门口挂彩灯，每隔1米挂一盏，挂了5米长，如果每盏彩灯要5元，买这些彩灯共需多少元.,30
757,紫金公园里有一条长100米的路，从头到尾两侧都要放果皮箱，每侧隔20米放一个，这条路一共要放多少个果皮箱.,12
758,有58辆彩车排成一列，每辆彩车长4米，彩车之间相隔5米，这列彩车队共长多少米？,517
759,在一条长30米的小路两旁每隔3米植一棵，首尾都要植，一共要准备多少棵树苗.,22
760,运动场全长96米，原来从一端到另一端每隔4米插1面红旗，现在要改为每隔6米插1面红旗，那么可以不拔出来的红旗共有多少面？,9
761,一个圆形场地，它的半径是50米，要在它的周围每隔2米摆1盆花，一共要摆多少盆花？,157
762,36个同学围成一个正方形，相邻两人之间的距离相等.每条边上站了多少人.,10
763,一条路的一侧每隔30米有一根电线杆，连两端的电线杆一共20根，这条路长多少米.,570
764,圆形溜冰场的一周全长200米.如果沿溜冰场一周每隔20米安装一盏灯，一共需要安装几盏灯？,10
765,每两棵树之间的间距是22米，小光从第1棵走到第13棵树，他一共走了多少米？,264
766,同学们在全长100米的小路两边植树，每隔5米栽一棵(两端都要栽).一共需要多少棵树苗？,42
767,一个圆形花坛的直径是8m，在花坛的周围摆放盆花，每隔1.57m放一盆，一共可以放几盆花？,16
768,在一条路的一侧植树，每隔2米植一棵，共植了18棵(两端都植)，这条路有多少米.,34
769,一条路长60米，五年级的同学在两旁植树，一共植了32棵，求在路的一边每相邻两棵之间相隔多少米？,4
770,沿着一个圆形池塘的一周共栽了50棵桃树，每两棵桃树之间栽一棵杏树，一共栽了多少棵杏树.,50
771,在一个周长是30米的圆形花坛边上每隔3米摆一盆花，共需要多少盆花.,10
772,有一条公路长900米，在公路的一侧从头到尾每隔10米栽一根电线杆，可栽多少根电线杆？,91
773,某人以相同的速度沿着一排树跑步，从第1棵跑到第6棵共用了30秒(每两棵树之间的距离相等，树的数量足够多)，如果跑了120秒，他应该跑到了第多少棵树.,21
774,沿着跑道起点按相等距离插上一面红旗，到终点一共有15面红旗.运动员起跑后8秒到达第8面红旗，如果速度不变，一共要花多少秒才能到达第15面红旗.,16
775,一条马路长880米，在路的两旁每隔8米种1棵树，两端都种，共种树多少棵.,222
776,大庆路上每隔40米就有一盏路灯，吴婷从某一盏路灯开始沿大庆路出发，她走了360米以后停在一盏路灯下，她停在第多少盏路灯下.,10
777,在一条300米长的大路两边栽上柳树，如果每隔15米栽1棵.而且路的两端都要栽，一共需要栽多少棵柳树？,42
778,一条长80米的小路，准备在路的两侧栽种梧桐树，每4米栽一棵(两端也栽树)，一共可以栽树多少棵？,42
779,有一块等边三角形形状的土地，边长是180米.从其中的一个顶点开始，每隔10米种一棵树，三条边上一共种树多少棵？,55
780,10个同学排成一列做游戏，每两个同学间隔3米，小明在第一位，小伟在第七位，他们间隔多少米.,18
781,一条走廊长24米，每隔3米放一盆花，走廊两侧都放(两端都要放).一共要放多少盆花？,18
782,一条马路的一边从头到尾共种了10棵树，每两棵树之间相隔8米，这条马路长多少米？,72
783,同学们要在长96米，宽36米的长方形操场的四周插彩旗，要求四角各有一面，而且每隔4米插一面，共需多少面彩旗.,66
784,在一段公路的两边按树间距8米栽树1402棵，如果两端都栽，这条公路长多少米.,5600
785,在一段长(1/5)千米路上，等距离地安装了5盏路灯(两端都装)，算一算，每两盏路灯之间的距离是多少米.,50
786,路一旁有37根电线杆，原来每两根相距50米，现改成每两根相距60米，除两端不移动外，中间有几根不移？,5
787,一段长90厘米的绳子，每隔2厘米点一个点，再隔3厘米点一个点.这样把绳子点完，最后在点地方将绳子剪断，共可剪几段？,60
788,在某校周长为400米的跑道上，每隔8米插一面红旗，然后在相邻两面红旗中间每隔2米插一面黄旗，应该准备红旗和黄旗一共多少面.,200
789,为了庆祝神舟七号飞船胜利返回，在全长3千米的锦江大道两旁悬挂着红灯笼(两端也要挂)，每隔30米挂一个，一共需要多少个红灯笼.,202
790,在36米长的公路两旁栽树，每隔2米栽一棵，共需多少棵树.,38
791,有一段长80米的街道一旁安装路灯，街道的两端都要安装，中间每隔8米安装一盏，这段街道一旁要安装多少盏路灯.,11
792,沿一个周长54米的圆形水池旁种树，每隔6米种一棵，可以种多少棵.,9
793,路长150米，从头到尾每隔10米种1棵白杨树，一共要种几棵树？,16
794,甲、乙两地相距4千米，每隔800米设一个站牌(甲、乙两地各设一个).甲、乙两地一共设有多少站牌.,6
795,在一个半径是50米的圆形池塘边上每隔3.14米栽一棵树，共栽树多少棵.,100
796,一条小河边每隔5米栽一棵树.小明沿着河边跑步，他从第一棵跑到第201棵树，跑了多少米？(列综合算式),1000
797,圆湖周长1080米，在湖边每隔12米种植柳树一株，再在两株柳树之间等距离种植3棵桃树，这样可种柳树和桃树共多少棵？,360
798,一条小道长180米，在它的一侧从头到尾每隔3米植树一棵，一共可植树多少棵？,61
799,一个圆形的跑道长200米，如果每隔10米竖一道警示牌，共需多少道警示牌.,20
800,有一个边长为100米的正方形池塘.在池塘外离池边2米处围绕池塘种树，一共种了208棵树，也围成一个正方形.若相邻两棵树之间的距离相等，则这个距离是多少米.,2
801,48个同学在操场上围成一个圆圈做游戏，每相邻两名同学之间都是2米.这个圆圈一周全长是多少米？,96
802,马路的一侧有49棵树，两棵树之间的距离是50米.现在在路的一侧每隔40米的距离安装路灯，共需要装路灯多少盏？,61
803,一条路长28米，每隔4米放一盆花，至少要放的盆数是多少盆,7
804,小明以相同的速度沿着一条马路跑步，路边有一排间隔距离相同的路灯电杆，小明从第1根电杆跑到第10根电杆共用了9分钟，那么当小明跑了30分钟时，他应该跑到第多少根电杆.,31
805,学校西侧原来计划每隔5米栽一棵杨树，加上两端的两棵一共是25棵，现在要改成每隔6米栽一棵杨树，除两端的两棵不需要移动外，原计划的中间有多少棵不必移动？,3
806,在一条马路的两边种树，每隔5米种一棵树，共植树82棵，这条马路长多少米？,200
807,一座桥全长420米，在它的一侧从头到尾等距离插了21面彩旗，两端各插一面.每两面彩旗之间相距多少米？,21
808,学校中心道长200米，在中心道两侧每隔8米栽一棵树(两端都要栽)，一共要栽多少棵树？,52
809,同学们练习测量，在一条长100米的路边插标杆，先在起点插一根，以后每隔5米插一根，一共插了多少根标杆？,21
810,公路两边的电线杆间隔都是30米，一位乘客坐在行驶的汽车中，他从看到第1根电线杆到看到第26根电线杆正好是3分钟，求这辆汽车的速度是每小时行多少千米？,15
811,在一座桥上插彩旗，从头到尾共插了8面，每两面彩旗之间的距离都是8米.这座桥长多少米？,56
812,五年级环保小组的10名同学在一条2千米长的跑道两边每隔25米分别植树一棵，这段公路共植树多少棵.,162
813,在一条路边从头到尾种树，种了10棵树，有多少个间隔.,9
814,工人们正在架设电线杆相邻两根间的距离是200m，在总长3000m的笔直路上，一共要架设多少根线杆(两端都架设)？,16
815,一条公路的一边有61根电线杆.原来每两根电线杆之间的距离是50米，现在改为60米.除两端的两根不需移动外，还有多少根电线杆不用移动？,9
816,一个圆形湖泊的直径是2100米，沿着他它的边线每隔3米栽一棵垂柳，可以栽多少棵？,2198
817,一个圆形花坛，周长是180米，每隔6米种一棵芍药花，一共可以种多少棵芍药花.,30
818,船营区运动会开幕式由20支检阅队伍组成，每支队伍长8米，队伍之间的距离都是10米，这支检阅队伍全长多少米？,350
819,一个圆形水池的周长是100米.在水池边上每隔5米种一棵柳树，每棵柳树上挂5盏灯，一共要挂多少盏灯.,100
820,在一个正方形的花坛四周每隔3米放一个花盆，四个顶点都要放，每边放了8盆，这个花坛的周长是多少米？,84
821,学校在教学楼前的人行道一边每隔3米栽一棵树，从人行道一端到另一端(两端都栽)共栽518棵树，学校的这人行道长多少米.,1551
822,一个长方形花圃，长32米，宽20米.在它的四周每隔4米放一盆花，一共要放多少盆花？,26
823,在一条走廊的两边摆花盆，这条走廊长24米，从走廊的一端每隔3米摆一盆花，一共要摆多少盆花.,18
824,有一条走廊从头到尾两边都要摆花，每隔2米摆一盆花，一共摆了50盆.这条走廊有多长？,48
825,同学们在全长120米的小路一边植树，每隔4米栽一棵(两端都要栽).一共要多少棵树？,31
826,在一条长10千米的路两边种树，每隔5米种一棵，路的两头都要种，一共要种多少棵.,4002
827,一条街道长180米，每隔5米种植一棵景观树，街道两端都种植景观树，一共要种植多少棵景观树？,37
828,在直径是3米的圆形喷水池边上每隔0.628米放一盆花，一共可放多少盆花.,15
829,植树节到了，少先队员要在相距72米的两栋楼房之间种8棵杨树，如果两头不栽，平均每两棵树之间的距离应是多少？,8
830,在一条公路的一边安装路灯，路头和路尾各安装一根路灯，中间每隔20米安装一根路灯，一共安装了169根路灯.这条公路长多少米.,3360
831,在一个圆形花坛边上每隔2米摆一盆月季花，一共摆了35盆.这个花坛的周长是多少米.,70
832,操场上30名同学站成一列，每两个人之间的距离是0.6米，排头到排尾的距离是多少米.,17.4
833,公路的一边相隔50米有一根路灯杆，小军乘无轨电车2分钟看到马路的一边有路灯杆21根，问电车每小时行多少千米.,30
834,10位小朋友站成一列做操，每相邻两位小朋友相隔2米，做操的队伍长多少米.,18
835,一条长1250米的路，在路的一侧每隔25米栽一棵松树(两头都栽)，园林部门需要运来多少棵松树.,51
836,36个小朋友围成一个圆圈做游戏，每相邻两个小朋友之间都是2米，这个圆圈的周长是多少米？,72
837,在路边安装电线杆，每两根电线杆之间相距10米，从第一根到最后一根电线杆一共长100米，一共安装了多少？多少根,11
838,一个长方形花圃长16米，宽12米，在它的四周每隔4米放一盆花且四个角上各放1盆花.一共要放多少盆花.,14
839,21个小朋友排成一行，每两个小朋友之间间隔2米.第一个小朋友到最后一个小朋友相距多少米.,40
840,雅乐学校花坛的周长是160米，在它的周围每隔8米种一棵玉兰花，再在每相邻的两棵玉兰花之间种1棵月季花，一共种了多少棵花.,40
841,有一条长500米的公路，在公路的两旁从头到尾每隔5米栽一棵树，园林部门需要运来多少棵树苗？,202
842,"""六一""儿童节，同学们在全长200米的跑道一旁插彩旗，每隔8米插一面(两端都插)，一共需要多少面彩旗.",26
843,在一条长100米公路的两侧栽树，每隔10米栽一棵，一共要栽多少棵.,22
844,学校组织学生于3月12日这天沿龙溪港西岸植树，从北到南每隔8米栽一棵，如果两人合栽一棵，共需312人，龙溪港长多少米？,1240
845,在相距100米的两根电线杆之间种树，每隔10米一棵，共栽了多少棵.,9
846,学校中心路长200米，在路两侧从头到尾每隔10米栽一棵树，共栽多少棵树？,42
847,学校庆元旦活动，在操场28米长的两边插彩旗，每隔4米插一面彩旗，(两头都插)，一共要插多少面？,16
848,公园里有一条小路，两侧要沿路边做一道栅栏，从头到尾共钉了82根木桩，如果每根木杆之间的距离为3m，这条小路有多长？,243
849,在人民路的两侧装路灯，每隔10米装一盏.如果路的两端不装路灯，一共需要装382盏.人民路全长多少米？,1920
850,为美化校园，学校在走道两旁每隔5米栽一棵风景树，学校走道大约2千米，那么一共栽多少棵,802
851,306名学生排成6路纵队，每路纵队人数相等，若前后相邻两人之间的间隔是50厘米，则一支队伍长多少米？,25
852,公园绿化队沿着一个正方形的湖周围均匀地植了32棵杏树，后来又在每相邻的两棵杏树中间均匀地植上2棵桃树，这样，每相邻两棵树之间的距离是4米.这个湖的周长是多少米？,384
853,李丽家住10楼，每两层楼之间有20级台阶，如果停电，她要上多少级台阶才能回家？,180
854,方方家住在6楼，每两层楼之间有15级台阶，她从1楼到家，一共要走多少级台阶.,75
855,小朋友们围成一个全长60米的圆圈玩丢手帕的游戏.如果每相邻两个同学之间相隔2米.问有多少个小朋友在一起玩丢手帕的游戏？,30
856,在一条长500米的公路一侧架设电线杆，每隔50米架设一根，若公路两端都不架设，共需电线杆多少根？,9
857,校园的小路旁摆放了一排花盆，每两盆花之间距离为2米，共摆放25盆，现在要改为每3米摆放一盆，可以摆放几盆？,17
858,一条走廊长30米，从走廊的一端到另一端每隔3米放一盆植物，两端都摆，要放多少盆植物.,11
859,一条马路长200米，在路的一旁从头至尾每隔5米植一棵树，一共要植多少棵.,41
860,铁路旁每隔50米有一棵树，强强在火车上从第一棵树数起，数到第61棵为止，恰好过了6分钟，火车每小时的速度是多少千米.,30
861,同学们要给一段280米的公路两边植树，每隔40米栽一棵，如果两端都植树，需要栽多少棵树？,16
862,在一条路的一边从头到尾安装路灯；每两盏路灯之间相距30米，路长900米，共需要安装多少盏路灯.,31
863,在长48米、宽42米的长方形花圃的边上以最大且相等的距离栽上菊花，再在每两棵菊花之间栽上4棵月季花.这个花圃一共栽了多少月季花？,120
864,在一条长420米的公路两边，从一端到另一端，每隔6米种一棵树.今年为了庆贺辛亥革命一百周年，又在每两棵间补种2棵，现在这条公路两旁共有多少棵树？,422
865,一个圆形大花坛，四周每隔1米种一颗茶花树，每两棵茶花树之间等距离地种2棵鸡冠花，已知共种茶花树151棵，则大花坛周长是多少米.,151
866,学校有一条长600米的小路，准备在小路的两旁栽树，每隔4米栽一棵，如果两端都栽树，共需要栽多少棵树？,302
867,要在五边形的水池边上摆花盆，使每一边都有6盆花，最少需要几盆花？,25
868,少先队员们栽一条长100米的人行道上植树，从头到尾每隔4米植一棵，共要植树多少棵.,26
869,端午节在绣江举行龙舟大赛，在一段800米长河面两岸插彩旗(两端都插)，每隔2米插一面，要用多少面彩旗？,802
870,在一个圆形喷水池边的一周共放了20盆鲜花，每两盆鲜花之间相距8分米，求这个水池的周长.,160
871,小明回家，相邻的上下两层之间都有22级台阶，从一楼到五楼，一共要爬多少级台阶.,88
872,在一条公路长800米的一边栽上树苗，每10米栽一棵，一共要栽多少棵.,81
873,在一段公路的一旁共种95棵树，两头都种，每两棵树之间相隔5米，这段公路长多少米.,470
874,希望学校运动会开幕式上，16个8*8的方队顺次入场，若方队与方队之间的距离是2米，方队中相邻两排的距离是0.5米，则整个队伍长多少米.,86
875,在一条长240米的马路边植树，每隔8米植一棵，两端都植，共植树多少棵？,31
876,同学们站成一队做操，从第一个到最后一个学生是36米，每两个学生都间隔2米，一共有多少名学生？,19
877,步行街上张灯结彩，从这一头到那一头每隔4米挂着一个红灯笼.步行街全长有600米，一共挂了多少个灯笼？,151
878,在一条绿荫大道的一侧从头到尾竖电线杆，共用电线杆35根，这条绿荫大道全长17千米，电线杆相隔多少米？,500
879,红寺堡有一条长1000米的街道，在街道两边栽树(两端都载)，每隔20米栽一棵树，一共可以载多少棵？,102
880,在一条长1000米的小河一边绿化植树(两端都种)，每隔20米种一棵柳树，一共需要多少棵柳树.,51
881,在一条长10米的路的一边种树，每隔2米种一棵，如果一端种，一端不种，需要种多少棵.,5
882,一座长400米的大桥两旁挂彩灯，每两个相隔4米，从桥头到桥尾一共挂了多少盏灯？,202
883,一张纸条长24厘米，先从左起每隔3厘米点一个点，再从左起每隔4厘米点一个点，纸条的两端都不点，最后纸条上一共有多少个点.,9
884,某公园准备在路的一边每隔8米，栽一颗银杏树，栽了29棵，你知道这条路有多少米.,224
885,70辆彩车排成一队，参加五•一游行.每辆彩车长5米，彩车之间相距6米，这列彩车车队长多少米？,764
886,有一条长200米的路，在路的两边从头到尾每隔4米植树一棵，一共植树多少棵？,102
887,公路旁有一排树，从A点第一棵树起到B点最后一棵树共有401棵，已知每相邻两棵树之间的距离是2.5米，AB间距多少千米？,1
888,四年级学生180个人排成四路纵队(即每排4个人)，每相邻两排间相隔1米，那么这纵队队伍共长多少米.,44
889,在铁路的旁边，每隔60米安装电杆一根，一位旅客在行进中的火车内，5分钟经过电杆75根.求此火车每分钟的速度是多少？,888
890,几名工人师傅在育才街的两旁共植树64棵，两端都栽，每两棵树相距3.64米，这条街共长多少米？,112.84
891,一座大桥长1200米，在大桥两边每隔10米就有一盏路灯(两端要装).如果从头到尾安装，这座桥上共有多少盏路灯？,242
892,在一条直跑道一旁，每隔5米插一面小旗，两端都插，一共插了25面，这条直跑道长多少米.,120
893,玉潭镇一环西路全长1.8千米，已建成通车，正在沿线绿化，园林师设计，每隔30米栽一棵香樟，每隔20米栽一棵玉兰，沿线两边共栽树多少棵？,242
894,学校在长为100米的小路两边栽树，每隔5米种一棵(两端都栽)，一共可以栽多少棵.,42
895,为了搞好城市绿化，工人们在火车站和商场之间栽了76棵梧桐树，每两棵树的间隔是3米，现在为了不影响树的生长，要把间隔调准为5米，那么有多少棵树不需要移动位置？,16
896,"为庆祝""七•一""，四(一)班同学准备把教室装扮一下.他们要在教室的两边每隔1米挂一个灯笼(两端也要挂)，班长量出教室长8米.他们共需买几个灯笼？",9
897,公园里有个圆形花坛，周长180米.在花坛的四周，每隔4米种1棵冬青树，一共可以种多少棵.,45
898,一个梯形上、下两底的和是20分米，两底之间的距离是5分米.这个梯形的面积是多少平方分米.,50
899,跑道一旁插着81面小旗，它们的间隔是2米.现在要改为只插21面小旗(两端的旗子不动)，间隔应改为多少米,8
900,"为了迎接""六一""国际儿童节，学校要在校内水泥路的两旁插彩旗(水泥路两头都要插)，这条水泥路长240米，每隔16米插一面彩旗，一共要准备多少面彩旗？",32
901,一条长2000米的公路两旁每隔10米种一棵杨树，每两棵杨树之间等距离种3棵枫树.这条公路两旁一共种枫树多少棵？,1200
902,园林工人在长96米的公路两边每隔6米栽一棵树(首尾都栽)，现在要改成每隔4米栽一棵树，那么不用移栽的树有多少棵.,18
903,圆形溜冰场的一周全长200米.如果沿着这一圈每隔10米安装一盏灯，一共需要安装多少盏灯.,20
904,一个圆形花圃周长36米，每隔3米放一盆花，一共放了多少盆花.,12
905,学校有一条200m的小路，准备在小路的两旁栽树，每隔4m栽一棵，如果两端都栽树，那么共需栽多少棵树苗？,102
906,22个小朋友排成一路纵队，每两个小朋友间隔1米，排成的队伍全长多少米.,21
907,在一个半径为25m的圆形花坛周围栽树，每隔15.7m栽一棵，一共要栽多少棵树？,10
908,一个正方形花圃，边长是18米，在花圃的四周修一宽2米的小路，在小路的外侧每隔2米栽一棵红枫，四个顶点处也要栽，一共要栽多少棵红枫？,44
909,马老师以不变的速度在河滨大道上散步，路边相邻的两根灯柱之间的距离都相等.他从第一根柱旁走到第5根柱旁用了160秒的时间.照这样计算，马老师一共走240秒，应该走到第几根灯柱旁？,7
910,一个圆形水池周围每隔2米栽一棵杨树，共栽了40棵，水池的周长是多少米.,80
911,英才小学的351名同学去科技馆参观，排成一列纵队步行，前后两人相距0.6米，队伍以每分钟50米的速度行进.一位老师有事要从排头立即返回排尾，他的速度是每分钟走100米，那么他从队伍的排头走到排尾一共要用多少分钟？,1.4
912,城市规化处的工人给一条1.4千米长的街道两旁安装路灯，每隔20米安一盏，从头到尾一共安装了多少盏路灯？,142
913,一条路原有23根电线杆(两端都有)，每两根之间相隔15米，现在要改造成每两根之间相隔30米，改造后少了几根电线杆？,11
914,一条路每隔5米有电线杆一根，连两端共有20根，算一算，这条路有多长？,95
915,种着一排柳树，每两棵树之间相距6米，小明从第1棵树跑到第100棵树，一共跑了多少米.,594
916,一个直径是10米的圆形场地周围栽树，每隔1.57米栽一棵，一共可以栽多少棵.,20
917,小明家装修新房子，客厅的一边长560cm，在这条边上每隔80cm装一盏射灯(一端装，一端不装)，一共需要装多少盏射灯？,7
918,一块正方形的地，每边有10棵树，每相邻两棵树之间的距离是5米，这块正方形地的周长是多少米？,180
919,有48辆彩车排成一列.每辆彩车长4米，彩车之间相隔6米.这列彩车共长多少米？,474
920,在两栋楼房之间的一条40米小路两侧，每隔5米种一棵树，一共要种多少棵树.,14
921,新年来临，在1000米长的中华大街两边安装彩灯，每隔5米安装一组(两头都要安装).需要安装多少组？,402
922,从广场到商场是一条长400米的街道，在街道的两旁每隔2米载上一棵松树，如果在路的两端都不栽树，那么这条街的两侧一共栽了多少棵松树？,398
923,亮亮沿一条直线在桌子上等距离地摆了5颗棋子，已知第1颗到第5颗的距离是8厘米，每两颗棋子的距离是多少？,2
924,一条绿化带长20米，在它的一边每隔4米种一株月季花(两端都种)，并且在每两株月季花之间种3株茉莉花.求一共种了多少株花？,21
925,一条长600米的小河两边都种上树，每隔6米种1棵，两端都种.一共要种多少棵树？,202
926,四1班学生在全长100米的跑道上每隔10米摆一盆花(两端要摆)，一共需要多少盆花.,11
927,一条大堤长1200米，从头到尾每隔4米栽一棵垂柳，可栽多少棵垂柳？,301
928,一个圆形花坛的周长是40m，沿花坛周围每隔4m摆一盆月季花，每相邻两盆月季花之间摆一盆菊花.花坛四周月季花和菊花各摆了多少盆？,10
929,洗好的18条毛巾晾在绳上，每一块毛巾的两边必须用夹子夹住，同一个夹子可夹住相邻的两块毛巾，这样一共要用多少个夹子？多少,19
930,两棵树相距120米，在中间等距离增加23棵，第一棵与第二十棵相距多少米？,95
931,一座长江大桥长4500米，在桥的两旁每隔45米安装一块广告牌.你知道这座大桥上一共安装了多少块广告牌吗？(两端也要安装),202
932,在边长为8米的正方形空地上建一个最大的圆形草坪，在草坪的周围种上小树，每隔1.57米种一棵，一共可以种多少棵小树？,16
933,在一条20米的小路两侧，每隔2米放一盆花，小路的两端都放，一共需要多少盆花.,22
934,学校元旦庆祝会准备在两栋相距120米的教学楼之间插19面彩旗，每相邻两面彩旗之间的距离相等，相邻两面彩旗之间的距离是多少？,6
935,12位小朋友站成一列做早操，每相邻2个小朋友间隔1米，做操的队伍长多少米.,11
936,两层楼之间有22个台阶，从一楼到四楼一共有多少个台阶.,66
937,在全长96米的道路的一侧，从一端点处开始，每隔4米插一面红旗.现在要改成每隔6米插一面红旗，一共需要拔出多少面？,16
938,洗好的12块毛巾用夹子夹在铅丝上.每一块毛巾的两边必须用夹子夹住，同一个夹子可以夹住两块毛巾的两边.现在，把这些毛巾分成四层至少需要多少个夹子.,16
939,笔直的公路一旁插有41面小旗，它们的间隔是3米.现在改为只插上31面小旗(两端小旗不动)，间隔应改为多少米？,4
940,在一条长100米的马路两边栽树，从头到尾每隔5米栽一棵树，一共可以栽多少棵树.,42
941,图书馆距离教学楼的小路有24米，在小路边每隔3米放一盆花，如果两边都放，一共需要多少盆花.,18
942,有一条长800米的公路，在公路的一侧从头到尾每隔20米栽一棵杨树，需多少棵杨树苗.,41
943,同学们要在长150米的路的一边种一排树，如果每隔5米种一棵树，那么一共要种多少棵树？,31
944,湖滨种着一排柳树，每两棵树之间相距6米，小明从第1棵树跑到第100棵树，一共跑了多少米.,594
945,操场的一侧摆了21盆花，它们的间隔是1米，现在要改为间隔4米，需要摆几盆花？,6
946,一堆木料，最上面一层有4根，最下面一层有20根，每相邻两层之间相差2根，这堆木料共有多少根.,108
947,在一条650米长的直道一边，每隔50栽一棵树，路的两端都要栽，一共要栽多少棵树？,14
948,40面小旗插在迎宾道路的两旁(两端都插)，每相邻两面小旗的距离是5米.这条迎宾道长多少米.,95
949,国庆节接受检阅的一列车队共52辆，每辆车长4米，每相邻两辆车相隔6米，车队每分钟行驶105米.这列车队要通过536米长的检阅场地，要多少分钟.,10
950,有320盆菊花，排成8行，每行中相邻两盆菊花之间相距1米，每行菊花长多少米？,39
951,在一个周长是240米的圆形游泳池周围栽树，每隔5米栽一棵，一共要栽多少棵树.,48
952,为了绿化城市，美化环境，园林工人在中山路两边摆满了花，每边放445盆，一共放了多少盆？,890
953,有12个男同学排队，每两个男同学之间站1个女同学，一共可以站多少个女同学？,11
954,有一个圆形花圃，周长是96米，在它四周每隔4米栽一棵松树，一共需要栽多少棵松树？,24
955,在一条公路的两边植树，每隔3米种一棵树，从公路的东头种到西头还剩5棵树苗，如果改为4米种一棵，还剩树苗115棵，则这条公路长多少米.,660
956,植树队计划在一条长100米的道路两旁各栽一行树，共有52棵树，路的两端都栽，平均每相邻的两棵树中间应隔多少米.,4
957,一条林阴道长18米，在路的一旁从一端到另一端每隔2米放一盆花，一共安放多少盆花？,10
958,"""国庆""节时，在长180米的街道两旁，每隔6米插一面彩旗，连两端在内共需插彩旗多少面.",62
959,在一条长75米的大路两旁栽一行树，如果首尾都种树，并且每相邻的两棵树之间的距离都是15米，一共需要栽多少棵树？,12
960,街心公园有一条200米的小路，在小路的一旁从头到尾等距离栽种芍药花，共栽种41棵，两棵芍药花之间的距离是多少米？,5
961,房产销售公司为销售一处商品房，打算在万安南路一侧安装101块广告牌举行宣传，两块广告牌间隔4米.现在因为需要节约宣传费用，改为只安装26块(两端的牌子不动)，间隔应该改为多少米？(两端也要安装),16
962,一个施工队要在一条长4千米的水渠上，每隔8米修一个出水口(两端都要修)，这个施工队要修多少个出水口？,501
963,有一条长200米的路，在路的两边每隔4米植树一棵(两头都不种)，一共植树多少棵？,98
964,从运动场的一端到另一端全长100米，从一端起到另一端止每隔4米插一面小红旗.现在要改成每隔5米插一面，有多少面小红旗不用移动.,6
965,在一条长800米的公路两旁种树，顶端栽、底端不栽，每隔5米栽一棵，一共需要多少棵树？,320
966,在一条公路的两边种树，每隔3米种一棵，从公路的东头种到西头还剩5棵，如果改为每隔2.5米种一棵，还缺树苗115棵，则这条公路长多少米？,900
967,在一条长180米的隧道一侧，从头到尾一共安装了16盏节能灯(两头都安装)，平均每隔多少米安装一盏灯？,12
968,学校有一个长方形的会场，长40米，宽30米，为了迎接来宾需绕会场一周摆放鲜花，每隔5米放一盘，需要多少盘鲜花？,28
969,10名女生站成一排，每隔2名女生插队3名男生，共插队多少名男生.,12
970,在一条长80米的小路两旁种杨树，每隔16米种一棵，两端都种.一共可以种多少棵杨树？,12
971,一条马路长90米，在它的两边从头开始每隔10米栽一棵树，到最后一共要栽多少棵？,20
972,一个圆形花池周围长600米，沿花池周围每隔6米栽一棵树，一共栽多少棵树？,100
973,从甲地到乙地，原来每隔45米装一根电线杆，加上两端的两根有53根，现改成每隔60米装一根电线杆，除两端两根不移动外，中间还有几根不必移动？,12
974,在一条公路的两旁每隔9米栽一棵杨树(两端都要栽)，一共栽了280棵，这条公路长多少米.,1251
975,一个花坛，每两盆兰花之间放3盆菊花，从第5盆兰花到第10盆兰花之间，一共有多少盆菊花？,15
976,一条大街的两侧连两端在内共植树98棵，每相邻两棵树相距30米，则这条大街长多少米.,1440
977,一块长方形果树园，如果按照每颗果树之间的距离为5米，每行之间的距离为3米来栽种果树，可以植树80颗.如果每颗果树之间的距离改为4米，每行之间的距离为2米，一共可以植树多少颗？(提示：果园的面积不变.),150
978,一段路长56米，从一端开始，在路的一边每隔4米栽一棵雪松，一共可以栽多少棵雪松？,15
979,在长17厘米的木棍上，从左往右每隔6厘米染一个红点，再从右往左每隔5厘米染一个黑点，沿所有点将木棍锯开，长度为4厘米的木棍共有多少根.,1
980,一个圆形的街心公园周长是500m，在它的周围每隔10米放置一个垃圾桶，共需放置多少个.,50
981,在相距120米的两楼之间种树，每隔20米栽一棵，共栽多少棵.(想想实际情况),5
982,工人在一条公路的一边种树，每两棵树之间相隔16米，一共种了187棵树，这条公路长多少米？,2976
983,钵池山公园内一条直路长200m、宽8m，道路两边均匀地栽了50棵柳树，如每相邻两棵柳树中间有一张长椅(可坐3人)，这些长椅一共可以坐多少人？,144
984,公园的路旁有一排树，每棵树之间相隔3米，第一棵树和第六棵树之间相隔多少米.,15
985,为了美化环境，园林工人现计划在一条150m长的道路两旁种树，每隔3m种一棵.如果道路的两端都种，那么一共需要多是棵树苗？,102
986,公园的湖面一周每隔8米种一棵柳树，共有41棵柳树，现在要在每两棵柳树之间放两张石椅.一共要放多少张？,82
987,在一条长3千米的公路两旁栽树(两端都要栽)，每隔8米栽一棵.一共栽树多少棵？,752
988,一段公路长3600米，在公路两旁等距地栽了802棵梧桐树，两端都栽，则每两棵梧桐树间的距离是多少米？,9
989,学校有一个圆形水池，水池的周长为40米，如果绕着水池每隔4米种一棵树，一共要种几棵树？,10
990,在周长为400米的环形跑道周围每隔10米放一盆花，放完后又每隔8米放个一盆花，原来放花的地方不再放花，一共放了多少盆花.,80
991,"在""五彩田园""一块边长是200米的正方形草坪的四周，每隔5米插1面彩旗，且四个角都插，一共要插多少面彩旗？",160
992,一幢楼房，相邻的上下两层之间都有22级台阶，明明从1楼爬到6楼，一共要爬多少级台阶.,110
993,有一个三角形花圃，三边的长度分别是56米，36米和24米.现在这三条边上等距离栽菊花，并且每两棵菊花之间的距离尽量大.问：一共要栽多少棵菊花？,29
994,创新中学有一条400米长的圆形塑料跑道，跑道四周每隔10米种一棵玉兰树，相邻的玉兰树中间有一个小花坛，跑道周围一共有多少个小花坛？,40
995,"为积极响应""一大四小""工程，瑞金市在全长2600米的工业大道两旁每隔5米栽一棵白杨树(两端都栽).一共要栽多少棵白杨树？",1042
996,校门口有一条长200米的大道，学校想在大道的两旁载上柳树，如果每隔5米栽一棵，两头都要栽，一共要载多少棵.,82
997,圆形滑冰场的一周全长是200米.沿着这一圈每隔10米安装一盏灯，一共要安多少盏灯.,20
998,在一条长270米的水渠边植树，每隔3米植一棵，两端都植，则共植树多少棵.,91
999,图书馆和科技馆之间相距120米，绿化队要在两馆间的小路两旁栽树(两头都不栽)，相邻两棵树之间的距离是3米，一共要栽多少棵树？,78
1000,运动会上四年2班48名运动员出场时，排成4列纵队，前后相邻两人间隔为1米，每列队伍长多少米.,11
